CustomerID,Recency,Frequency,TotalSpend,AOV,FutureValue,Predicted_LTV
12346.0,225,1,77183.6,77183.6,0.0,45559.902500000026
12347.0,29,5,2790.86,558.172,1519.14,1253.9215999999997
12348.0,148,3,1487.24,495.74666666666667,310.0,513.0774
12350.0,210,1,334.4,334.4,0.0,8.0826
12352.0,162,5,1561.81,312.36199999999997,944.23,876.9672999999998
12353.0,104,1,89.0,89.0,0.0,41.79169999999999
12354.0,132,1,1079.4,1079.4,0.0,80.0042
12355.0,114,1,459.4,459.4,0.0,227.7911
12356.0,145,2,2753.08,1376.54,58.349999999999994,159.06350000000012
12358.0,50,1,484.86,484.86,683.2,551.8561999999993
12359.0,89,3,3495.73,1165.2433333333333,2876.85,2658.5975000000017
12360.0,12,2,1618.28,809.14,1043.78,790.3336999999996
12361.0,187,1,189.9,189.9,0.0,102.01180000000002
12362.0,20,4,1747.35,436.8375,3478.88,2405.9965000000025
12363.0,9,2,552.0,276.0,0.0,352.7429999999999
12364.0,12,1,623.92,623.92,689.18,492.32770000000005
12365.0,191,2,641.38,320.69,0.0,572.1432000000001
12370.0,174,3,2806.41,935.4699999999999,739.28,652.3567999999997
12372.0,112,2,914.9200000000001,457.46000000000004,383.12,313.56889999999976
12373.0,211,1,364.6,364.6,0.0,42.2702
12377.0,215,2,1628.12,814.06,0.0,188.2249
12378.0,29,1,4008.62,4008.62,0.0,753.2161000000001
12379.0,70,1,459.84,459.84,392.40000000000003,377.7135000000004
12380.0,85,1,607.5500000000001,607.5500000000001,2117.26,1626.1010999999999
12381.0,19,1,1268.74,1268.74,576.57,463.79849999999976
12383.0,84,5,1850.56,370.11199999999997,0.0,1007.0548999999993
12384.0,21,1,292.69,292.69,292.58,368.23150000000004
12386.0,237,2,401.9,200.95,0.0,114.02740000000003
12388.0,48,4,1668.3400000000001,417.08500000000004,1112.3200000000002,1002.987900000002
12393.0,145,3,1061.1000000000001,353.70000000000005,521.5,413.4556
12394.0,117,1,381.08,381.08,891.4,53.559799999999996
12395.0,12,8,1899.57,237.44625,1119.06,686.4349000000007
12397.0,35,1,1214.81,1214.81,1195.09,603.0822000000001
12399.0,19,4,1108.65,277.1625,0.0,600.4720000000004
12401.0,203,1,84.3,84.3,0.0,14.200800000000005
12402.0,223,1,225.6,225.6,0.0,20.7991
12405.0,48,1,1710.39,1710.39,0.0,285.69649999999996
12406.0,83,1,1621.25,1621.25,1794.05,2077.8575999999985
12407.0,34,4,1407.3600000000001,351.84000000000003,300.76,428.6376
12408.0,75,3,1491.77,497.25666666666666,1396.78,1152.4121999999993
12409.0,82,1,6207.08,6207.08,4865.59,4063.249200000005
12410.0,208,2,693.3299999999999,346.66499999999996,0.0,96.6048
12412.0,37,2,890.74,445.37,336.14,362.8887999999998
12413.0,136,2,563.9,281.95,194.20000000000002,237.68990000000016
12414.0,117,3,562.41,187.47,0.0,103.42759999999991
12415.0,13,13,99146.16,7626.627692307693,25768.37,47065.075400000045
12417.0,6,7,2816.52,402.36,832.58,1414.7753999999995
12418.0,12,1,668.58,668.58,0.0,119.4429
12421.0,14,3,628.56,209.51999999999998,178.48,157.30740000000003
12422.0,68,2,655.86,327.93,147.7,160.66430000000025
12423.0,0,7,1650.67,235.81,208.64000000000001,446.09519999999975
12424.0,62,2,1760.96,880.48,0.0,598.0932999999998
12426.0,94,1,582.73,582.73,0.0,525.4594000000001
12427.0,271,1,303.5,303.5,522.3,434.9506000000003
12428.0,20,8,7548.12,943.515,408.34000000000003,1259.103299999998
12429.0,72,3,2844.88,948.2933333333334,905.52,1148.6258000000005
12431.0,19,11,4874.57,443.14272727272726,1612.88,2477.8640999999993
12432.0,70,3,4016.66,1338.8866666666665,1042.66,1337.1130000000014
12433.0,266,2,3787.12,1893.56,9588.75,1191.8057000000001
12434.0,160,1,286.25,286.25,519.89,444.87899999999985
12435.0,167,1,3978.9900000000002,3978.9900000000002,3850.9,2654.3720999999978
12437.0,77,9,2476.73,275.1922222222222,2474.68,1959.078699999997
12438.0,40,1,890.0699999999999,890.0699999999999,2016.78,1315.3459999999998
12441.0,266,1,173.55,173.55,0.0,52.00630000000001
12444.0,21,2,2627.27,1313.635,2378.19,1855.3882000000012
12447.0,143,1,476.49,476.49,0.0,48.891100000000016
12449.0,29,2,1636.88,818.44,2430.41,1765.2448000000013
12450.0,56,2,197.88,98.94,0.0,103.45679999999999
12451.0,118,2,5307.82,2653.91,3727.7,3010.8548000000033
12453.0,34,1,707.09,707.09,0.0,176.0027
12455.0,27,5,2176.36,435.27200000000005,290.5,783.5459
12456.0,31,2,2265.4,1132.7,915.64,946.7684999999997
12457.0,133,3,1067.25,355.75,1295.98,1144.8539999999996
12458.0,184,1,441.92,441.92,505.48,133.03720000000007
12461.0,54,1,626.88,626.88,200.0,428.63219999999995
12462.0,203,1,762.11,762.11,427.48,504.65780000000035
12463.0,75,3,985.79,328.59666666666664,358.99,746.7993999999999
12464.0,6,6,780.55,130.09166666666667,431.5,455.76129999999984
12465.0,69,1,440.94,440.94,301.25,262.61740000000003
12468.0,87,2,729.5400000000001,364.77000000000004,0.0,154.7294999999999
12471.0,7,19,11116.4,585.0736842105263,8707.65,5700.548099999999
12472.0,38,5,4927.6,985.5200000000001,1644.51,1820.0380000000007
12473.0,14,2,1186.25,593.125,2752.2999999999997,1958.7882999999981
12474.0,37,12,3896.38,324.6983333333333,3479.41,3077.185399999998
12476.0,41,6,3191.67,531.945,3624.75,2553.2085999999995
12477.0,0,3,8834.03,2944.6766666666667,4385.71,4530.960100000007
12480.0,43,3,2144.95,714.9833333333332,1136.6799999999998,976.5836999999987
12481.0,79,8,4101.76,512.72,1494.56,1453.7329999999995
12483.0,83,5,1314.6100000000001,262.922,1170.3700000000001,959.2656999999989
12484.0,0,4,3663.15,915.7875,878.57,1172.2234000000024
12489.0,236,1,334.93,334.93,0.0,101.12889999999999
12490.0,0,5,2516.77,503.354,2901.16,2102.7659000000017
12492.0,5,1,126.39000000000001,126.39000000000001,136.82,124.66279999999986
12493.0,65,2,433.74,216.87,0.0,118.34839999999997
12494.0,61,5,868.86,173.772,377.24,454.55379999999985
12500.0,6,6,1773.8400000000001,295.64000000000004,2483.98,1687.7084000000011
12501.0,236,1,2169.39,2169.39,0.0,488.8408999999999
12502.0,27,4,2631.52,657.88,1092.35,1022.6218000000007
12506.0,132,1,73.5,73.5,0.0,10.679
12507.0,34,3,1304.81,434.93666666666667,0.0,46.65740000000001
12509.0,184,1,176.5,176.5,0.0,56.599300000000014
12510.0,42,2,982.5699999999999,491.28499999999997,0.0,298.8677
12513.0,12,1,612.29,612.29,0.0,426.20090000000005
12514.0,167,1,1017.68,1017.68,0.0,71.24770000000001
12515.0,253,1,383.7,383.7,0.0,245.6377
12516.0,80,1,583.2,583.2,728.86,903.2451000000007
12517.0,26,2,1538.7,769.35,964.14,732.9370999999998
12518.0,10,1,324.83,324.83,1732.06,1372.946799999999
12520.0,42,4,2045.85,511.4625,588.41,752.3493999999997
12521.0,42,1,599.68,599.68,0.0,616.1688999999999
12523.0,7,7,1017.75,145.39285714285714,772.02,592.9937999999996
12524.0,62,6,3122.48,520.4133333333333,1363.24,1423.4947000000006
12527.0,194,2,284.92,142.46,63.790000000000006,83.0043
12528.0,14,4,1287.37,321.8425,646.11,651.5689000000004
12530.0,23,3,1221.65,407.2166666666667,440.63,421.1429999999996
12534.0,30,1,1089.18,1089.18,0.0,149.884
12535.0,86,1,371.45,371.45,344.9,276.25370000000026
12539.0,162,3,4517.69,1505.8966666666665,1050.66,929.2470000000014
12540.0,7,10,8786.869999999999,878.6869999999999,4613.37,4783.509499999997
12541.0,73,2,536.14,268.07,445.03999999999996,358.5313000000005
12545.0,159,1,628.15,628.15,372.24,187.1625
12547.0,97,2,207.79999999999998,103.89999999999999,0.0,22.568700000000003
12548.0,66,1,95.19999999999999,95.19999999999999,0.0,29.9205
12551.0,257,1,168.0,168.0,0.0,18.8808
12553.0,10,7,2419.59,345.6557142857143,1272.69,1606.275799999999
12556.0,51,1,312.9,312.9,290.81,315.7280000000003
12557.0,58,4,9000.960000000001,2250.2400000000002,2990.0,2817.426099999999
12559.0,210,2,561.71,280.855,0.0,84.94710000000003
12560.0,12,2,1436.31,718.155,697.7,696.6594999999991
12561.0,202,1,238.85,238.85,0.0,74.63810000000001
12562.0,26,3,1605.23,535.0766666666667,2176.51,1408.8829999999994
12564.0,161,1,456.9,456.9,0.0,176.776
12565.0,188,1,145.92,145.92,0.0,44.9304
12567.0,8,8,6958.16,869.77,2443.12,2560.774299999998
12569.0,7,12,1883.02,156.91833333333332,2241.67,881.4348
12571.0,21,1,248.35,248.35,271.26,201.15679999999998
12573.0,127,1,160.54000000000002,160.54000000000002,0.0,36.9139
12574.0,215,1,218.45,218.45,0.0,256.36349999999993
12576.0,49,3,660.85,220.28333333333333,654.98,545.9062000000007
12577.0,259,1,195.89,195.89,461.91,267.8462000000002
12578.0,230,1,1608.66,1608.66,1185.85,1577.5897000000018
12580.0,146,1,415.7,415.7,0.0,53.44540000000001
12582.0,138,2,511.36,255.68,0.0,107.74740000000001
12583.0,6,9,4232.21,470.24555555555554,3049.17,2342.697700000003
12584.0,27,4,782.59,195.6475,1555.56,647.6999999999999
12585.0,134,2,2040.1,1020.05,0.0,158.00950000000003
12589.0,44,1,131.5,131.5,515.1800000000001,484.69320000000005
12590.0,111,2,9864.26,4932.13,0.0,1291.0693000000003
12591.0,217,1,452.84999999999997,452.84999999999997,0.0,42.732
12592.0,113,1,231.8,231.8,205.8,398.2299000000001
12593.0,8,3,418.09999999999997,139.36666666666665,0.0,143.2742
12594.0,21,8,2529.9,316.2375,808.32,944.3473000000012
12596.0,142,1,269.95,269.95,348.32,112.66259999999994
12597.0,83,2,1428.81,714.405,2382.41,1811.754000000002
12598.0,61,4,1584.3799999999999,396.09499999999997,1438.7,1112.0089999999989
12599.0,26,6,857.04,142.84,175.54000000000002,325.7855000000004
12600.0,12,8,1936.5600000000002,242.07000000000002,662.48,683.0376000000011
12601.0,89,5,577.0600000000001,115.412,0.0,233.09580000000003
12604.0,161,1,178.5,178.5,75.68,104.46000000000012
12609.0,86,2,800.73,400.365,326.12,328.7377999999998
12610.0,6,2,1256.25,628.125,843.29,724.4377999999998
12613.0,97,4,1462.52,365.63,1881.8600000000001,1400.3246999999997
12614.0,177,1,315.6,315.6,0.0,20.1932
12615.0,68,1,634.74,634.74,1656.45,1168.3460999999988
12616.0,197,1,255.6,255.6,457.7,394.12919999999986
12619.0,16,5,2087.46,417.492,1553.78,1303.2997999999993
12620.0,104,1,561.66,561.66,777.75,198.6412
12621.0,0,15,10195.04,679.6693333333334,3494.63,4441.600900000001
12622.0,132,1,180.1,180.1,0.0,56.52959999999999
12623.0,176,1,305.1,305.1,0.0,65.15450000000001
12624.0,6,2,641.13,320.565,0.0,702.5389000000001
12625.0,111,2,2683.82,1341.91,0.0,266.9977999999999
12626.0,12,6,4774.0,795.6666666666666,1846.48,1763.2546000000011
12627.0,8,4,1908.57,477.1425,2569.96,581.1511000000003
12633.0,29,3,1948.75,649.5833333333334,215.23000000000002,916.3856999999998
12635.0,54,1,683.64,683.64,1005.54,206.87710000000004
12637.0,57,5,3054.1,610.8199999999999,2967.7999999999997,1267.3348
12639.0,138,1,486.1,486.1,0.0,177.79649999999995
12641.0,15,1,185.9,185.9,0.0,106.43800000000005
12642.0,7,1,366.45,366.45,646.81,181.32800000000003
12643.0,28,6,3344.64,557.4399999999999,0.0,498.9168000000001
12644.0,29,1,477.91,477.91,0.0,121.88050000000004
12645.0,9,3,1310.8600000000001,436.9533333333334,464.32,374.5710999999998
12647.0,26,9,2886.71,320.74555555555554,836.11,1527.4453
12648.0,54,1,318.05,318.05,0.0,253.9723
12649.0,7,3,623.51,207.83666666666667,0.0,125.03460000000004
12651.0,234,1,114.0,114.0,0.0,77.39460000000004
12652.0,231,1,919.98,919.98,0.0,77.1846
12653.0,48,2,2209.85,1104.925,0.0,1081.9422
12654.0,97,3,337.75,112.58333333333333,264.23,168.68129999999982
12656.0,16,3,2820.67,940.2233333333334,1230.5,1192.9111000000005
12662.0,7,7,2653.66,379.0942857142857,1196.1200000000001,1499.4908999999984
12664.0,43,3,1957.48,652.4933333333333,2924.4,951.9071999999995
12665.0,224,1,63.0,63.0,0.0,1.8336000000000001
12668.0,159,3,2924.4700000000003,974.8233333333334,882.6800000000001,314.26619999999997
12669.0,50,3,2744.0299999999997,914.6766666666666,0.0,1046.9053
12670.0,99,2,1026.3899999999999,513.1949999999999,1969.66,316.55150000000003
12672.0,229,1,225.89999999999998,225.89999999999998,0.0,32.5747
12673.0,226,1,220.9,220.9,389.62,273.59329999999983
12674.0,70,2,976.8,488.4,993.8000000000001,688.8266000000008
12676.0,23,4,998.0500000000001,249.51250000000002,333.34000000000003,368.1600999999999
12678.0,0,9,8282.26,920.2511111111112,9346.2,6524.319
12679.0,105,2,906.38,453.19,206.64000000000001,319.7288999999997
12680.0,13,1,311.78,311.78,551.03,80.30199999999999
12681.0,51,15,9866.58,657.772,3920.96,4394.0814000000055
12682.0,0,20,8219.92,410.996,4068.3,4979.2981999999965
12683.0,5,11,6217.88,565.2618181818182,2258.69,2736.904800000001
12684.0,70,4,1379.48,344.87,904.15,873.7720000000003
12686.0,271,1,89.14,89.14,0.0,32.626000000000005
12688.0,13,1,4873.8099999999995,4873.8099999999995,0.0,1026.8694999999998
12689.0,27,1,511.03,511.03,736.5799999999999,612.3616000000007
12690.0,105,1,389.01,389.01,0.0,181.01400000000004
12691.0,45,4,556.3,139.075,479.5,421.94849999999997
12693.0,27,4,855.91,213.9775,0.0,172.1176
12694.0,83,1,439.5,439.5,430.17,575.1757
12695.0,7,2,333.90000000000003,166.95000000000002,248.2,209.19520000000026
12697.0,31,2,733.91,366.955,223.68,289.3307000000002
12700.0,56,2,2149.05,1074.525,2790.94,2074.5750000000016
12701.0,142,1,337.08,337.08,460.63,101.19669999999998
12704.0,5,3,1100.92,366.97333333333336,1239.92,1670.9772999999998
12705.0,58,4,4162.52,1040.63,2705.77,2265.671099999997
12707.0,191,1,603.42,603.42,0.0,134.9036
12708.0,1,7,2031.77,290.2528571428571,681.14,1019.5814999999998
12709.0,35,10,6469.11,646.911,3267.41,3092.1576999999984
12710.0,61,2,790.36,395.18,358.66,408.42890000000057
12712.0,6,11,3913.08,355.73454545454547,483.05,1020.6209000000011
12714.0,6,4,3389.7,847.425,1319.16,1288.3100000000015
12715.0,6,1,353.86,353.86,0.0,168.30729999999997
12716.0,33,1,677.9,677.9,375.59000000000003,297.2318000000001
12717.0,51,2,1030.98,515.49,0.0,273.9737
12720.0,24,15,3314.5,220.96666666666667,2467.23,2047.0259000000012
12721.0,83,4,1698.91,424.7275,957.22,1158.0642000000007
12722.0,14,3,929.65,309.8833333333333,67.98,178.5216999999998
12724.0,73,2,280.36,140.18,751.0500000000001,490.8433000000004
12725.0,271,1,427.8,427.8,0.0,108.22839999999998
12726.0,84,5,1467.32,293.464,1141.78,1144.8605999999997
12727.0,87,5,2800.4,560.08,1180.3,1227.715100000001
12728.0,157,3,617.31,205.76999999999998,219.01999999999998,189.55050000000026
12729.0,13,1,453.01,453.01,0.0,549.7378000000003
12731.0,44,8,11324.25,1415.53125,7571.66,5385.260399999998
12732.0,79,1,236.26000000000002,236.26000000000002,0.0,396.99950000000007
12733.0,134,1,383.95,383.95,0.0,17.088900000000002
12734.0,252,1,110.39999999999999,110.39999999999999,0.0,81.61600000000001
12735.0,215,2,779.5699999999999,389.78499999999997,0.0,84.95819999999999
12736.0,232,1,234.0,234.0,0.0,26.896000000000004
12738.0,272,1,155.35,155.35,0.0,76.4655
12743.0,34,2,546.43,273.215,0.0,180.88719999999986
12744.0,44,5,14211.970000000001,2842.3940000000002,7067.32,6877.806599999994
12747.0,9,8,2769.4,346.175,1426.6100000000001,1705.874799999998
12748.0,1,127,13568.55,106.83897637795275,20151.18,17886.551399999982
12749.0,30,3,2755.23,918.41,1335.65,1153.7506999999991
12750.0,28,1,275.88,275.88,0.0,271.08849999999995
12753.0,35,5,16620.91,3324.182,4808.48,6770.870399999993
12754.0,135,3,3010.74,1003.5799999999999,0.0,275.6939
12755.0,180,2,3811.95,1905.975,0.0,1350.1059000000002
12757.0,42,7,5281.08,754.4399999999999,2576.02,2550.7327999999966
12758.0,16,2,2791.59,1395.795,0.0,1265.076500000001
12759.0,71,2,1082.52,541.26,448.92,200.74079999999995
12763.0,38,2,494.08,247.04,0.0,414.8784999999999
12764.0,216,1,1693.88,1693.88,0.0,398.1026999999999
12766.0,49,5,4952.1900000000005,990.4380000000001,2037.44,1982.4102000000014
12769.0,138,1,1143.6,1143.6,0.0,196.55380000000002
12770.0,110,1,1351.45,1351.45,0.0,21.657299999999996
12775.0,89,4,1164.68,291.17,221.36,4849.035799999999
12778.0,83,4,492.06,123.015,330.17,280.10919999999953
12779.0,89,7,2999.41,428.4871428571428,981.95,1159.965299999999
12781.0,184,1,549.26,549.26,277.48,77.2128
12782.0,49,4,2078.67,519.6675,252.25,479.3322999999998
12785.0,264,1,311.95,311.95,0.0,26.873800000000003
12787.0,92,1,158.1,158.1,305.56,274.43470000000036
12790.0,92,1,324.92,324.92,0.0,396.67680000000024
12791.0,273,1,192.60000000000002,192.60000000000002,0.0,78.23179999999995
12792.0,156,1,400.53999999999996,400.53999999999996,0.0,74.18259999999998
12793.0,234,2,545.48,272.74,0.0,156.913
12797.0,265,1,254.03,254.03,0.0,76.16049999999998
12798.0,70,1,1607.04,1607.04,5370.0,3391.9178
12802.0,86,1,427.58,427.58,0.0,173.67489999999998
12808.0,84,2,281.35,140.675,202.3,203.54069999999967
12809.0,77,1,489.31,489.31,0.0,505.1328000000001
12811.0,160,3,514.85,171.61666666666667,0.0,329.2633
12814.0,1,1,125.92,125.92,0.0,66.59109999999998
12815.0,47,2,1063.46,531.73,0.0,73.70890000000001
12816.0,76,1,318.65000000000003,318.65000000000003,253.55,217.25519999999972
12817.0,181,1,166.04,166.04,0.0,40.569700000000005
12818.0,161,1,1542.08,1542.08,0.0,379.86319999999995
12820.0,226,1,170.46,170.46,771.88,540.9876999999993
12821.0,114,1,92.72,92.72,0.0,30.8374
12823.0,27,4,1224.0,306.0,535.5,544.1125
12826.0,78,4,818.62,204.655,656.1,403.99800000000005
12828.0,12,2,338.2,169.1,680.51,139.21980000000002
12829.0,236,2,293.0,146.5,0.0,35.3882
12830.0,34,4,5204.0,1301.0,1610.64,2082.8539999999994
12831.0,162,1,215.05,215.05,0.0,56.6474
12833.0,45,1,417.38,417.38,0.0,228.56989999999993
12834.0,182,1,312.38,312.38,0.0,19.7542
12836.0,37,3,2112.53,704.1766666666667,500.33000000000004,861.3301000000006
12837.0,73,1,134.1,134.1,0.0,7.5991
12838.0,273,1,390.79,390.79,292.34000000000003,230.43460000000007
12839.0,13,8,2683.81,335.47625,2907.61,1778.7672999999986
12840.0,43,4,2726.77,681.6925,0.0,1019.6156000000004
12841.0,6,17,2851.44,167.73176470588237,1170.91,1279.0300000000016
12842.0,208,1,310.73,310.73,808.26,549.5378000000003
12843.0,59,7,1692.31,241.75857142857143,9.95,338.98350000000005
12844.0,30,1,174.88,174.88,151.08,158.54109999999994
12845.0,167,4,354.09,88.5225,0.0,74.26800000000003
12849.0,168,1,704.5,704.5,346.39,372.9690999999998
12852.0,194,1,311.55,311.55,0.0,68.37060000000001
12853.0,34,6,1957.1000000000001,326.18333333333334,0.0,397.77490000000006
12854.0,141,2,810.37,405.185,514.13,364.6378000000001
12855.0,272,1,38.1,38.1,0.0,7.556
12857.0,110,2,1106.4,553.2,0.0,67.659
12864.0,38,1,147.12,147.12,0.0,122.51190000000001
12865.0,23,1,981.38,981.38,586.85,521.9960999999996
12866.0,183,1,559.12,559.12,0.0,17.164100000000005
12867.0,65,5,2352.45,470.48999999999995,1684.37,1959.1477999999968
12868.0,85,6,1607.0600000000002,267.84333333333336,0.0,1094.7249
12871.0,107,1,132.0,132.0,248.64,205.02059999999983
12872.0,226,2,599.97,299.985,0.0,69.84560000000002
12873.0,182,1,374.0,374.0,0.0,351.04869999999994
12875.0,43,2,343.2300000000001,171.61500000000004,0.0,68.07199999999999
12876.0,96,1,726.43,726.43,1491.59,1097.3628999999987
12877.0,24,9,1059.23,117.69222222222223,476.54,594.6749000000007
12878.0,136,2,854.99,427.495,0.0,595.3013999999997
12881.0,175,1,298.0,298.0,0.0,22.901
12885.0,23,1,645.35,645.35,529.87,71.869
12886.0,119,1,775.0,775.0,603.4,916.2341999999996
12888.0,114,2,354.12,177.06,0.0,230.10409999999996
12891.0,85,3,331.0,110.33333333333333,0.0,17.9175
12897.0,104,2,216.5,108.25,0.0,20.171999999999997
12901.0,8,19,11639.470000000001,612.6036842105264,6015.07,6000.435499999998
12902.0,164,1,138.68,138.68,0.0,157.91970000000003
12904.0,72,1,244.69,244.69,264.89,173.62610000000006
12908.0,76,2,750.0,375.0,0.0,315.6562000000002
12909.0,101,3,1528.37,509.45666666666665,650.3,748.4403000000005
12910.0,34,4,1486.9,371.725,1588.14,1126.5400000000002
12913.0,182,3,866.39,288.7966666666667,1617.24,1150.9091000000014
12915.0,48,2,363.65,181.825,0.0,139.49030000000002
12916.0,38,4,3006.15,751.5375,0.0,240.19989999999999
12917.0,28,1,594.0,594.0,0.0,325.7229
12919.0,16,3,441.65,147.21666666666667,893.54,583.0079000000004
12921.0,30,22,8924.55,405.6613636363636,7662.54,7905.488200000008
12922.0,61,1,405.38,405.38,0.0,55.28049999999999
12924.0,98,3,655.27,218.42333333333332,278.43,302.71810000000016
12928.0,47,3,1136.14,378.71333333333337,926.5600000000001,1460.9489999999998
12929.0,211,1,117.85,117.85,0.0,45.218900000000005
12930.0,71,1,221.56,221.56,194.24,209.03700000000018
12931.0,1,11,32530.7,2957.336363636364,9525.26,16212.938400000003
12933.0,71,2,357.49,178.745,250.04,191.30580000000035
12935.0,9,4,1535.34,383.835,625.36,619.6980000000003
12937.0,97,2,428.23,214.115,1076.04,822.1843999999996
12939.0,38,4,7990.08,1997.52,3591.72,2945.4302
12942.0,31,3,683.9,227.96666666666667,0.0,277.83020000000005
12944.0,254,1,286.95,286.95,317.56,279.68710000000016
12945.0,188,1,462.95,462.95,0.0,251.06889999999993
12947.0,43,6,1603.99,267.33166666666665,0.0,1479.8156000000015
12948.0,5,4,1423.96,355.99,640.99,646.1977999999997
12949.0,14,7,3449.42,492.7742857142857,717.8,1268.5303000000013
12951.0,73,5,751.78,150.356,312.29,287.92100000000045
12955.0,43,5,1346.9199999999998,269.38399999999996,3410.24,2418.6332999999977
12956.0,206,1,108.07,108.07,0.0,32.896699999999996
12957.0,86,4,1715.29,428.8225,2302.25,1896.8024000000003
12962.0,13,1,170.54000000000002,170.54000000000002,95.85000000000001,93.71170000000012
12963.0,265,1,365.8,365.8,1490.83,921.7562000000008
12967.0,258,2,1660.9,830.45,0.0,163.2929
12968.0,12,1,135.95,135.95,0.0,92.89869999999999
12970.0,222,2,23.8,11.9,428.44,961.707400000001
12971.0,7,61,7854.76,128.7665573770492,3335.15,4557.537200000004
12974.0,97,1,144.8,144.8,0.0,32.498999999999995
12976.0,111,1,738.6,738.6,0.0,819.2440999999995
12977.0,56,1,39.239999999999995,39.239999999999995,0.0,27.2486
12980.0,57,9,7374.900000000001,819.4333333333334,0.0,2020.5205
12981.0,33,1,187.18,187.18,185.04,159.54760000000027
12982.0,142,1,390.54,390.54,0.0,8.4618
12987.0,97,1,304.3,304.3,254.4,227.28850000000017
12988.0,192,1,535.32,535.32,0.0,20.618000000000002
12989.0,57,8,4469.14,558.6425,2454.9700000000003,2448.8129
12990.0,85,2,263.9,131.95,145.6,165.52670000000018
12991.0,12,1,303.56,303.56,200.2,354.41640000000024
12993.0,20,3,372.4,124.13333333333333,42.36000000000001,125.3080000000001
12994.0,20,2,645.47,322.735,328.95,265.06080000000037
12997.0,136,2,608.47,304.235,618.42,409.5258999999994
12999.0,96,3,455.88,151.96,0.0,46.2201
13000.0,6,3,534.85,178.28333333333333,0.0,67.72890000000001
13001.0,58,11,8615.42,783.22,1203.3999999999999,2363.9023999999977
13002.0,218,1,120.94999999999999,120.94999999999999,0.0,68.474
13003.0,5,3,149.05,49.68333333333334,0.0,23.254299999999997
13004.0,14,12,3785.09,315.4241666666667,1870.82,1851.0731000000023
13005.0,73,2,513.7,256.85,0.0,193.33110000000005
13008.0,223,1,229.46999999999997,229.46999999999997,0.0,28.575
13011.0,272,1,50.550000000000004,50.550000000000004,0.0,6.250800000000001
13012.0,48,4,1012.3100000000001,253.07750000000001,649.53,567.2071999999994
13013.0,7,8,3382.79,422.84875,1428.15,1390.7456999999986
13014.0,13,5,2022.48,404.496,1443.8,1186.4987000000012
13015.0,97,4,1763.04,440.76,1583.24,1297.9632999999997
13016.0,23,1,425.25,425.25,364.64,278.3634999999998
13018.0,22,17,4788.85,281.69705882352946,2488.85,2761.3885000000023
13021.0,66,4,1152.47,288.1175,1463.91,1228.9755000000014
13023.0,29,1,336.40000000000003,336.40000000000003,353.5,282.0599
13026.0,120,2,243.71999999999997,121.85999999999999,731.64,564.3811999999997
13027.0,13,6,6912.0,1152.0,0.0,1274.5280999999995
13029.0,38,2,773.1999999999999,386.59999999999997,474.29999999999995,394.0019000000001
13030.0,268,1,427.74,427.74,371.74,284.9139000000004
13033.0,257,1,190.55,190.55,0.0,221.13220000000027
13034.0,269,1,165.86,165.86,476.90999999999997,393.0785000000002
13035.0,160,1,333.0,333.0,588.88,424.37849999999975
13037.0,38,3,881.07,293.69,0.0,224.4671
13038.0,83,2,591.76,295.88,316.70000000000005,320.18390000000034
13043.0,173,1,516.42,516.42,0.0,118.05259999999998
13044.0,191,1,560.47,560.47,0.0,5.4523
13046.0,166,1,197.72,197.72,431.59,322.64400000000006
13047.0,27,8,2682.01,335.25125,555.53,1709.058399999999
13048.0,13,3,1375.05,458.34999999999997,460.86,565.9309000000001
13049.0,218,1,153.78,153.78,502.90000000000003,286.52460000000025
13050.0,6,13,4509.74,346.9030769230769,1327.12,1555.9708999999993
13052.0,112,1,348.15000000000003,348.15000000000003,0.0,662.5664999999999
13055.0,113,1,344.86,344.86,869.55,621.8775000000004
13058.0,51,1,47.550000000000004,47.550000000000004,223.85,184.9156
13059.0,149,1,183.4,183.4,0.0,75.7392
13060.0,153,1,307.53,307.53,0.0,88.1047
13062.0,91,1,346.98,346.98,0.0,39.33980000000002
13064.0,52,2,659.25,329.625,460.24,402.08370000000025
13065.0,273,1,205.86,205.86,0.0,64.6731
13068.0,219,1,165.0,165.0,179.0,161.57899999999998
13069.0,19,19,3397.94,178.83894736842106,1038.18,1917.4500999999998
13070.0,92,1,228.8,228.8,0.0,74.07819999999998
13072.0,166,1,177.15,177.15,0.0,47.522999999999996
13075.0,29,1,919.61,919.61,0.0,165.1027
13077.0,190,3,577.44,192.48000000000002,151.83,201.51660000000015
13078.0,6,15,6917.150000000001,461.1433333333334,5710.79,4852.299399999994
13079.0,40,1,23.8,23.8,196.3,180.7160999999998
13080.0,79,1,58.08,58.08,0.0,14.1872
13081.0,43,8,18870.12,2358.765,9467.26,9816.823200000006
13082.0,26,9,3613.63,401.51444444444445,0.0,1821.5748999999994
13085.0,57,2,416.08000000000004,208.04000000000002,0.0,226.7187
13089.0,0,69,39010.65,565.3717391304348,19815.18,17711.72869999999
13090.0,36,9,4912.02,545.7800000000001,3998.8,3520.131799999995
13092.0,111,4,439.75,109.9375,38.08,82.03239999999994
13093.0,175,8,7832.47,979.05875,0.0,349.4586
13094.0,29,10,1545.72,154.572,381.6,685.5023
13097.0,22,8,4643.71,580.46375,1366.71,1798.4057999999986
13098.0,13,17,14468.08,851.0635294117646,14414.36,12469.041400000004
13101.0,134,1,101.19,101.19,0.0,0.0
13102.0,33,19,4961.7,261.1421052631579,1462.3899999999999,2745.191600000003
13104.0,33,3,376.44,125.48,722.04,504.5774000000003
13106.0,33,1,76.5,76.5,0.0,13.528000000000002
13107.0,75,2,935.22,467.61,596.4,573.8345000000004
13108.0,272,1,350.06,350.06,0.0,37.266999999999996
13109.0,57,1,369.85,369.85,416.69,313.83949999999976
13110.0,37,5,1042.24,208.448,446.43,430.81730000000016
13113.0,13,20,10787.06,539.353,1458.8999999999999,5406.110400000004
13115.0,84,1,878.55,878.55,1416.23,510.20959999999985
13116.0,38,1,501.14,501.14,0.0,212.54990000000006
13117.0,21,7,841.77,120.25285714285714,143.14,331.5306999999998
13118.0,108,3,799.7,266.56666666666666,398.11,334.04930000000024
13120.0,138,1,30.599999999999998,30.599999999999998,0.0,55.22180000000002
13121.0,169,1,283.73,283.73,0.0,75.3304
13122.0,140,1,903.67,903.67,18.72,129.98739999999995
13124.0,152,2,2574.12,1287.06,1292.21,817.0010000000003
13126.0,153,5,1077.42,215.484,1022.22,789.4978000000004
13131.0,87,1,324.9,324.9,748.4,568.7198000000006
13132.0,161,1,77.3,77.3,0.0,16.5706
13133.0,173,2,109.8,54.9,0.0,32.4095
13134.0,83,3,885.74,295.24666666666667,907.84,731.9207999999988
13135.0,96,1,3096.0,3096.0,0.0,1151.718
13136.0,42,3,1226.68,408.8933333333334,1380.93,1063.4445999999987
13137.0,3,4,1457.75,364.4375,2192.66,1422.9991000000016
13138.0,33,3,489.45,163.15,472.94,539.1373000000002
13139.0,9,3,1710.94,570.3133333333334,3354.0,2555.1201
13140.0,8,3,423.72,141.24,0.0,101.92510000000001
13141.0,114,4,1401.03,350.2575,987.72,967.2897000000007
13144.0,232,1,110.95,110.95,0.0,35.347199999999994
13145.0,27,2,413.8,206.9,204.72000000000003,513.4956000000001
13148.0,33,10,2789.87,278.98699999999997,917.25,1125.0608
13149.0,6,3,1132.62,377.53999999999996,543.4399999999999,1213.312900000001
13151.0,195,1,1257.8700000000001,1257.8700000000001,0.0,201.38080000000002
13155.0,226,2,569.2,284.6,402.56,277.8870000000003
13157.0,41,3,873.1999999999999,291.06666666666666,868.02,648.351899999999
13158.0,19,3,868.17,289.39,332.89,384.6547999999998
13159.0,6,2,851.59,425.795,586.26,1106.7778999999991
13161.0,213,1,112.75,112.75,0.0,167.3157
13162.0,22,4,1688.29,422.0725,0.0,224.11759999999995
13165.0,251,1,354.64,354.64,666.84,499.0226999999992
13166.0,183,1,417.2,417.2,0.0,98.79030000000003
13167.0,30,2,417.55,208.775,373.78000000000003,359.63069999999976
13168.0,99,3,972.66,324.21999999999997,346.53000000000003,543.4809999999993
13169.0,152,1,505.2,505.2,207.68,599.6821000000004
13171.0,199,1,140.35,140.35,328.06,136.89549999999997
13173.0,267,1,165.94,165.94,187.71,235.47929999999957
13174.0,216,2,2108.27,1054.135,708.76,625.8760000000004
13178.0,33,8,4391.7300000000005,548.9662500000001,1333.74,1793.1109999999994
13183.0,1,6,2394.98,399.16333333333336,1562.8000000000002,1732.8448999999996
13184.0,30,9,1504.44,167.16,196.85,353.77369999999945
13185.0,167,1,71.4,71.4,0.0,27.032300000000006
13186.0,28,1,988.34,988.34,587.5500000000001,502.0118
13187.0,237,1,236.02,236.02,0.0,25.699
13189.0,15,1,127.0,127.0,133.68,125.48340000000006
13192.0,105,1,464.32,464.32,447.62,442.61980000000034
13194.0,35,1,60.7,60.7,0.0,5.954000000000001
13196.0,162,1,512.13,512.13,1285.65,952.6791000000001
13198.0,20,5,3009.18,601.836,392.06,609.9045999999995
13199.0,3,21,4553.84,216.84952380952382,5263.28,4026.254600000006
13200.0,26,1,319.32,319.32,550.77,653.5658999999997
13203.0,20,2,309.86,154.93,559.6,517.3506999999994
13207.0,50,1,197.52000000000004,197.52000000000004,52.739999999999995,144.50669999999994
13208.0,55,4,835.0699999999999,208.76749999999998,388.83,360.8509000000004
13209.0,28,5,4156.08,831.216,1735.53,1754.5535999999995
13211.0,261,1,110.7,110.7,1086.72,176.56379999999993
13213.0,28,4,963.88,240.97,556.7,279.2369999999999
13216.0,167,1,333.74,333.74,0.0,48.2783
13217.0,22,3,533.98,177.99333333333334,0.0,90.10929999999999
13218.0,27,1,62.63999999999999,62.63999999999999,0.0,21.6701
13220.0,85,3,726.49,242.16333333333333,92.8,183.90079999999998
13221.0,140,2,847.41,423.705,0.0,335.99550000000005
13223.0,100,2,163.20000000000002,81.60000000000001,0.0,12.049000000000001
13224.0,51,1,1212.26,1212.26,943.69,709.1163000000005
13225.0,43,5,4299.56,859.912,2164.28,2024.6177999999986
13226.0,173,1,108.21000000000001,108.21000000000001,0.0,15.0453
13227.0,101,1,257.7,257.7,0.0,37.7285
13229.0,125,1,160.95,160.95,0.0,45.3275
13230.0,38,12,2234.18,186.18166666666664,572.79,1005.1288000000001
13232.0,80,4,878.45,219.6125,479.15,577.5214000000003
13233.0,236,1,304.24,304.24,300.88,264.8302000000001
13235.0,112,1,1031.07,1031.07,0.0,44.657599999999995
13236.0,6,1,439.23,439.23,305.62,355.3630999999997
13238.0,63,2,318.85,159.425,381.88,337.8073000000001
13239.0,161,1,329.56,329.56,0.0,94.2483
13240.0,73,3,553.61,184.53666666666666,110.04,146.52850000000024
13242.0,12,3,270.40000000000003,90.13333333333334,0.0,51.00179999999998
13243.0,103,1,600.07,600.07,0.0,504.56780000000003
13246.0,76,5,1860.99,372.198,126.31,314.82250000000033
13248.0,24,2,465.68,232.84,0.0,146.73239999999998
13249.0,161,1,291.84000000000003,291.84000000000003,419.57000000000005,393.8095999999998
13253.0,56,2,1030.4,515.2,0.0,260.73440000000005
13255.0,273,1,225.7,225.7,173.81,122.44609999999994
13258.0,105,1,224.62,224.62,473.96,385.4788999999997
13261.0,168,2,944.1,472.05,0.0,110.98010000000001
13262.0,163,1,200.29,200.29,0.0,69.65820000000002
13263.0,8,23,4870.68,211.76869565217393,2583.39,2725.896500000005
13265.0,83,3,1465.66,488.55333333333334,642.0,1107.6208
13266.0,12,8,2535.58,316.9475,1298.68,1271.5568999999978
13267.0,10,14,2800.94,200.06714285714287,1720.55,1593.1037999999994
13268.0,69,6,2150.25,358.375,1064.44,1051.3812000000012
13269.0,9,8,2981.45,372.68125,2364.78,2203.6128999999987
13270.0,266,1,590.0,590.0,0.0,133.11209999999994
13273.0,13,1,138.98,138.98,0.0,126.68899999999996
13277.0,16,2,125.9,62.95,132.5,100.25219999999999
13280.0,22,3,814.86,271.62,0.0,53.40319999999999
13282.0,62,2,773.1,386.55,359.04,357.70520000000005
13283.0,85,1,25.5,25.5,68.16,68.58089999999997
13284.0,230,1,201.19,201.19,0.0,58.1475
13285.0,61,3,1970.1,656.6999999999999,739.02,973.2854000000003
13291.0,55,1,361.11,361.11,0.0,109.10150000000002
13292.0,184,1,249.57,249.57,329.37,295.5879999999998
13294.0,89,2,873.74,436.87,0.0,277.6339
13295.0,259,1,201.20000000000002,201.20000000000002,0.0,168.92059999999998
13296.0,37,1,87.4,87.4,0.0,121.52300000000005
13299.0,168,1,142.5,142.5,0.0,397.875
13300.0,69,1,371.89,371.89,0.0,227.05949999999993
13301.0,3,4,618.09,154.5225,0.0,89.36439999999999
13302.0,55,1,63.75,63.75,0.0,34.2329
13304.0,251,1,300.42,300.42,0.0,76.65940000000002
13305.0,15,6,1085.75,180.95833333333334,915.11,828.1196000000003
13307.0,20,1,15.0,15.0,0.0,856.2451999999998
13308.0,103,1,814.95,814.95,570.5600000000001,613.1387999999993
13309.0,106,2,546.64,273.32,910.15,399.8077000000001
13310.0,106,2,817.65,408.825,314.38,372.8121000000002
13311.0,50,1,490.11,490.11,108.46000000000001,229.8586999999996
13313.0,41,3,918.34,306.11333333333334,636.98,337.9471
13316.0,31,2,3779.98,1889.99,2197.75,1854.369
13317.0,98,5,1313.98,262.796,959.7,903.8112999999986
13319.0,13,18,6897.070000000001,383.1705555555556,3948.48,3934.7276999999967
13320.0,6,3,981.15,327.05,567.55,569.9102000000003
13324.0,103,7,3798.99,542.7128571428572,3322.96,2094.9210000000007
13327.0,12,7,2738.75,391.25,889.02,1427.1416999999994
13328.0,216,1,1308.48,1308.48,0.0,265.0015
13329.0,266,1,304.2,304.2,484.79999999999995,339.9820999999997
13330.0,85,2,728.22,364.11,412.71,333.17709999999954
13334.0,90,2,2731.84,1365.92,804.98,924.6026999999999
13338.0,57,1,487.02,487.02,0.0,463.81829999999957
13339.0,100,1,860.12,860.12,0.0,167.70729999999992
13340.0,5,5,9229.54,1845.9080000000001,1506.94,2079.933400000001
13341.0,160,1,775.85,775.85,0.0,827.761
13343.0,77,1,353.43,353.43,0.0,398.3067
13344.0,177,1,1656.15,1656.15,887.57,1136.7840000000024
13345.0,187,1,389.5,389.5,0.0,50.65089999999999
13355.0,22,1,674.7,674.7,0.0,93.18730000000001
13357.0,157,1,609.95,609.95,0.0,17.7202
13358.0,168,1,439.03,439.03,0.0,99.27660000000003
13362.0,145,2,1581.53,790.765,1509.21,910.1027000000008
13365.0,117,1,700.6,700.6,1524.77,1165.5307000000003
13368.0,156,2,623.4,311.7,0.0,48.48120000000001
13369.0,265,1,308.28000000000003,308.28000000000003,0.0,35.3108
13370.0,271,1,754.87,754.87,0.0,120.38399999999997
13373.0,58,2,2055.58,1027.79,1256.67,1190.7251999999994
13376.0,103,2,770.0,385.0,249.76,493.8882000000004
13379.0,36,1,136.29,136.29,436.27,343.56820000000016
13381.0,13,4,2461.33,615.3325,1177.98,653.2328000000002
13382.0,180,1,222.99,222.99,0.0,10.2526
13384.0,28,2,1755.84,877.92,2396.09,631.7937999999998
13385.0,229,1,534.57,534.57,0.0,339.21269999999987
13388.0,31,2,677.1,338.55,0.0,88.1988
13389.0,132,1,257.89,257.89,540.07,425.18779999999987
13391.0,103,1,59.8,59.8,0.0,22.506099999999996
13394.0,15,5,1543.45,308.69,976.57,1018.7153000000018
13395.0,85,1,307.72,307.72,0.0,101.6828
13396.0,219,1,387.27000000000004,387.27000000000004,973.72,47.96719999999999
13397.0,10,4,1228.19,307.0475,315.94,469.88290000000035
13398.0,92,1,457.34,457.34,0.0,51.7961
13402.0,27,2,621.23,310.615,0.0,89.8022
13404.0,112,1,217.81,217.81,34.68,142.92860000000005
13405.0,104,2,557.45,278.725,15.001,479.7375
13408.0,6,40,17408.08,435.20200000000006,10708.960000000001,8150.681399999996
13410.0,87,3,545.04,181.67999999999998,458.02,306.70009999999985
13411.0,7,1,213.55,213.55,0.0,53.830799999999996
13414.0,33,3,1390.5,463.5,0.0,205.9817
13417.0,105,1,236.0,236.0,404.83,357.90490000000057
13418.0,24,14,4342.13,310.15214285714285,1785.3,2176.4573999999984
13420.0,49,2,159.85,79.925,0.0,32.0352
13421.0,190,1,825.04,825.04,1026.04,719.1332999999998
13425.0,8,3,1624.21,541.4033333333333,0.0,324.89360000000005
13426.0,82,5,1558.68,311.736,2082.64,1507.9202000000007
13427.0,20,2,464.86,232.43,117.74000000000001,339.6502000000002
13435.0,10,3,1088.1200000000001,362.7066666666667,2721.77,2225.896699999997
13437.0,29,3,2024.25,674.75,1383.81,1087.8391999999992
13439.0,155,1,283.71,283.71,0.0,114.39919999999995
13448.0,118,4,1423.26,355.815,2116.11,1531.7231999999992
13450.0,24,4,1421.46,355.365,622.26,599.0270000000002
13451.0,26,4,2463.39,615.8475,512.76,573.8112000000003
13452.0,159,2,590.0,295.0,0.0,146.0676
13453.0,65,2,356.97999999999996,178.48999999999998,0.0,94.0215
13455.0,266,1,692.94,692.94,365.4,394.8603000000005
13456.0,55,3,855.0600000000001,285.02000000000004,911.6600000000001,936.4999999999993
13458.0,35,9,7355.44,817.271111111111,2291.13,2390.375700000002
13461.0,38,2,884.2,442.1,560.8,477.56560000000036
13462.0,152,1,151.5,151.5,0.0,26.6495
13466.0,84,1,307.9,307.9,0.0,133.54900000000006
13468.0,7,27,4255.53,157.61222222222221,1449.44,1541.2942000000007
13470.0,15,1,115.5,115.5,49.5,147.71740000000003
13473.0,232,1,241.26,241.26,181.38,137.35239999999982
13474.0,136,1,229.59,229.59,0.0,41.4273
13475.0,91,4,1431.78,357.945,0.0,548.2382000000001
13476.0,78,2,1238.47,619.235,0.0,304.4009000000001
13477.0,38,4,899.55,224.8875,555.03,256.51189999999974
13479.0,100,2,300.95,150.475,0.0,74.29760000000002
13481.0,8,4,1361.33,340.3325,443.23,433.87080000000043
13482.0,132,1,184.64,184.64,0.0,2.3016
13484.0,141,1,313.8,313.8,0.0,13.3683
13485.0,133,1,454.24,454.24,0.0,39.5518
13486.0,28,2,819.61,409.805,302.8,383.04459999999995
13487.0,113,2,408.8,204.4,166.6,244.26419999999962
13488.0,20,9,6596.38,732.9311111111111,2371.93,2601.1210999999967
13489.0,5,4,449.52,112.38,0.0,79.45309999999999
13491.0,47,9,1088.45,120.9388888888889,127.37,434.69839999999976
13492.0,36,3,1269.84,423.28,0.0,171.38240000000002
13493.0,175,2,618.63,309.315,0.0,126.33850000000001
13494.0,211,1,316.26000000000005,316.26000000000005,0.0,16.1652
13495.0,132,3,1072.43,357.4766666666667,972.44,1009.8701000000008
13496.0,259,1,501.01,501.01,152.32,285.1130999999998
13497.0,182,2,348.05,174.025,0.0,59.69240000000003
13499.0,125,2,463.79,231.895,695.3199999999999,567.8310999999999
13500.0,22,1,326.4,326.4,840.37,797.6999000000001
13501.0,188,1,1340.32,1340.32,0.0,17.878200000000003
13502.0,174,2,189.16,94.58,102.84,147.3991000000001
13505.0,66,3,2583.12,861.04,1810.51,1734.6280000000004
13506.0,216,2,458.52,229.26,0.0,61.2151
13507.0,7,2,1636.47,818.235,842.69,1165.886500000001
13508.0,143,1,110.97,110.97,0.0,18.4579
13509.0,49,4,665.02,166.255,314.7,361.6169000000001
13510.0,83,1,585.3199999999999,585.3199999999999,1206.24,980.8407000000007
13512.0,160,1,251.21,251.21,0.0,94.62129999999999
13513.0,26,1,205.1,205.1,0.0,129.02759999999998
13515.0,17,3,523.96,174.65333333333334,367.16,333.56919999999997
13516.0,138,1,146.0,146.0,1243.41,841.8814000000015
13517.0,6,2,1612.18,806.09,516.24,447.31949999999983
13520.0,37,5,2947.98,589.596,676.37,702.6930000000007
13523.0,99,3,2369.24,789.7466666666666,1595.64,1342.5158000000001
13524.0,1,3,408.86,136.28666666666666,271.32,309.155
13525.0,148,1,282.88,282.88,345.9,333.0922000000005
13527.0,5,4,1366.42,341.605,921.09,587.0747000000008
13529.0,104,1,181.1,181.1,126.66000000000001,37.8703
13531.0,105,2,483.8,241.9,0.0,321.37739999999985
13533.0,82,3,270.79,90.26333333333334,0.0,39.04479999999999
13534.0,7,21,4371.53,208.16809523809522,1498.55,1792.3234999999986
13538.0,20,5,891.75,178.35,389.1,513.4573999999994
13539.0,140,2,315.65,157.825,315.69,330.0524999999998
13544.0,140,1,122.91,122.91,168.5,131.01019999999997
13546.0,100,1,188.16,188.16,438.83,302.6907000000005
13548.0,143,1,281.01,281.01,401.4,351.03750000000053
13549.0,42,5,762.05,152.41,156.15,192.63580000000016
13551.0,219,1,91.80000000000001,91.80000000000001,0.0,28.1166
13552.0,23,9,2762.91,306.99,977.1600000000001,1062.0716000000014
13555.0,101,2,1590.05,795.025,2559.23,367.4061999999997
13557.0,180,1,240.68,240.68,343.38,248.92880000000002
13561.0,115,1,141.85999999999999,141.85999999999999,0.0,403.7876
13562.0,41,2,1209.73,604.865,589.6,801.6687
13563.0,40,1,310.88,310.88,466.65,338.93490000000037
13564.0,44,3,1749.02,583.0066666666667,0.0,591.3762
13565.0,234,1,110.17999999999999,110.17999999999999,130.04,105.28120000000014
13568.0,73,1,192.85,192.85,0.0,11.8621
13569.0,267,1,118.32,118.32,255.43,224.00680000000014
13570.0,143,1,239.49,239.49,0.0,48.663099999999986
13571.0,27,6,801.15,133.525,1291.17,1049.997099999999
13572.0,105,1,1384.25,1384.25,0.0,51.30959999999999
13573.0,153,1,31.770000000000003,31.770000000000003,262.63,190.27849999999987
13575.0,33,2,218.75,109.375,513.32,404.0430999999999
13576.0,13,12,4517.21,376.43416666666667,2200.13,2645.4298
13577.0,48,2,822.1,411.05,865.5,628.4172000000002
13579.0,269,1,164.70000000000002,164.70000000000002,302.34,332.78560000000004
13581.0,209,1,118.0,118.0,0.0,55.3927
13583.0,55,1,781.03,781.03,0.0,90.09159999999999
13584.0,206,1,142.4,142.4,0.0,162.7506
13588.0,20,3,1075.62,358.53999999999996,1403.33,1159.5328000000004
13589.0,79,1,147.0,147.0,232.65,149.2906
13590.0,50,4,1116.38,279.095,865.54,652.1831000000006
13591.0,104,2,776.23,388.115,340.9,432.95490000000063
13592.0,105,3,205.51,68.50333333333333,42.45,44.76669999999996
13593.0,8,5,2037.0800000000002,407.41600000000005,0.0,339.3358
13599.0,56,8,2313.84,289.23,2839.83,2124.1535999999974
13600.0,212,1,219.52,219.52,0.0,28.8292
13601.0,111,1,373.2,373.2,320.12,272.4698
13606.0,143,2,250.42,125.21,30.119999999999997,167.15900000000016
13610.0,10,5,776.21,155.24200000000002,355.67,402.9041999999994
13611.0,70,2,636.72,318.36,535.08,435.31950000000074
13614.0,64,2,794.98,397.49,815.48,634.7905000000012
13615.0,218,1,417.69,417.69,0.0,10.302
13617.0,13,2,365.7,182.85,178.48000000000002,205.53089999999983
13618.0,73,1,177.34,177.34,0.0,46.472699999999996
13621.0,16,1,213.85,213.85,0.0,155.36149999999995
13623.0,110,4,551.92,137.98,195.86,295.2614000000002
13626.0,152,1,257.23,257.23,0.0,65.3703
13627.0,76,3,1027.0,342.3333333333333,611.47,634.0471000000007
13629.0,36,7,4897.36,699.6228571428571,2895.0,2846.7482999999997
13630.0,5,5,1361.46,272.29200000000003,670.3199999999999,597.3941
13631.0,43,10,3017.92,301.79200000000003,52.5,382.7238
13632.0,73,3,814.6,271.53333333333336,1306.67,58.5111
13634.0,6,3,783.77,261.25666666666666,791.39,648.2765999999999
13636.0,22,4,646.55,161.6375,302.57,329.6658999999999
13637.0,87,2,684.85,342.425,125.65,302.5893000000005
13642.0,115,1,354.8,354.8,0.0,257.5635
13643.0,85,1,87.9,87.9,431.54,309.2740000000005
13644.0,5,1,851.09,851.09,1773.17,1479.8090000000004
13645.0,20,1,252.1,252.1,0.0,156.33420000000004
13647.0,75,2,803.86,401.93,874.26,286.13259999999997
13649.0,156,2,346.6,173.3,0.0,68.8652
13650.0,107,2,745.52,372.76,1090.82,854.5383000000012
13652.0,156,2,638.24,319.12,456.84000000000003,500.27509999999944
13654.0,45,4,1714.27,428.5675,993.0600000000001,1100.2721999999994
13655.0,14,2,932.97,466.485,0.0,554.5351
13656.0,64,2,379.65,189.825,0.0,138.8871
13657.0,101,1,152.34,152.34,229.8,203.9923999999998
13658.0,104,1,933.3,933.3,1705.87,1259.2371999999984
13659.0,105,2,1573.2,786.6,0.0,210.72629999999998
13662.0,112,2,532.94,266.47,364.82,371.4157999999998
13663.0,79,1,189.47,189.47,0.0,73.017
13666.0,187,2,64.05,32.025,20.6,58.87810000000011
13667.0,49,1,305.02,305.02,0.0,172.74000000000004
13668.0,13,16,4934.87,308.429375,1428.72,2502.6373000000017
13669.0,49,1,48.150000000000006,48.150000000000006,170.39999999999998,138.00469999999984
13672.0,201,2,186.39000000000001,93.19500000000001,0.0,27.480099999999997
13675.0,51,2,486.82000000000005,243.41000000000003,0.0,261.40130000000005
13678.0,51,1,232.6,232.6,0.0,97.29029999999997
13680.0,237,2,2391.59,1195.795,1330.83,751.0443
13681.0,55,1,203.46,203.46,624.37,389.1823000000001
13682.0,87,1,59.5,59.5,0.0,22.645899999999997
13684.0,185,1,67.23,67.23,0.0,69.73399999999998
13686.0,82,1,72.0,72.0,0.0,37.9424
13692.0,113,2,871.58,435.79,616.74,607.5443999999995
13694.0,7,39,45911.64,1177.2215384615386,19127.98,17454.825899999985
13695.0,19,11,1385.53,125.95727272727272,1118.6,978.0710000000003
13699.0,55,1,308.58000000000004,308.58000000000004,0.0,62.68610000000002
13700.0,76,6,1245.8,207.63333333333333,1019.32,849.7072000000007
13703.0,218,1,99.5,99.5,0.0,9.5656
13705.0,44,2,522.68,261.34,189.18,253.00200000000015
13706.0,202,1,330.79,330.79,0.0,19.148200000000003
13707.0,167,2,806.41,403.205,0.0,111.6295
13708.0,171,1,296.88,296.88,0.0,25.2775
13709.0,1,5,2939.21,587.842,3388.84,601.0053000000004
13711.0,118,2,252.06,126.03,0.0,84.5476
13712.0,146,1,228.84,228.84,0.0,58.9084
13715.0,181,5,1079.34,215.868,0.0,300.73270000000014
13716.0,169,1,138.28,138.28,0.0,37.3558
13717.0,28,4,955.99,238.9975,489.02,269.2644999999999
13718.0,146,2,306.55,153.275,0.0,132.32059999999998
13719.0,105,2,338.74,169.37,702.94,498.2708000000004
13720.0,16,4,799.9,199.975,0.0,126.44080000000002
13722.0,31,3,2375.41,791.8033333333333,0.0,512.455
13723.0,117,1,199.85000000000002,199.85000000000002,0.0,58.665099999999995
13725.0,69,7,1865.7,266.5285714285714,114.86,266.81970000000024
13726.0,0,1,292.68,292.68,786.98,929.1811999999992
13728.0,7,5,797.02,159.404,219.12,644.6636999999995
13730.0,35,2,752.6,376.3,0.0,287.1693000000003
13731.0,119,2,610.59,305.295,0.0,57.82620000000001
13735.0,75,2,1409.69,704.845,1475.55,1292.0996000000016
13736.0,160,1,357.53,357.53,374.37,530.3564000000005
13737.0,100,1,339.59999999999997,339.59999999999997,0.0,66.92070000000001
13740.0,140,1,350.75,350.75,0.0,44.0713
13741.0,83,2,363.13,181.565,305.3,301.2855999999996
13742.0,62,10,2648.7200000000003,264.872,482.3,750.8834000000007
13743.0,7,5,912.1199999999999,182.42399999999998,429.47999999999996,779.8458
13744.0,192,1,893.16,893.16,263.2,635.1683999999991
13745.0,62,1,300.04,300.04,0.0,108.76550000000003
13747.0,273,1,79.6,79.6,0.0,0.0
13748.0,132,3,580.85,193.61666666666667,367.4,328.9867000000003
13750.0,40,4,1316.63,329.1575,330.63,330.25590000000017
13751.0,188,1,296.25,296.25,0.0,46.543800000000005
13752.0,24,6,1186.28,197.71333333333334,0.0,612.3398000000004
13753.0,187,1,741.26,741.26,0.0,144.95799999999997
13754.0,51,2,282.59999999999997,141.29999999999998,0.0,334.5162
13756.0,29,7,2558.34,365.4771428571429,2631.1800000000003,2188.0724999999966
13758.0,101,5,2351.52,470.304,839.03,1664.152699999999
13760.0,156,1,135.09,135.09,151.70000000000002,14.7073
13761.0,79,1,491.71000000000004,491.71000000000004,578.9399999999999,495.6354000000003
13762.0,118,1,306.72,306.72,0.0,204.5395
13764.0,44,2,945.63,472.815,576.13,760.4072999999995
13767.0,8,28,9676.37,345.5846428571429,7543.990000000001,10940.785800000001
13769.0,22,6,1730.24,288.37333333333333,1066.27,963.8703000000002
13771.0,99,2,1464.8500000000001,732.4250000000001,1169.6,992.868400000001
13772.0,139,1,228.42,228.42,903.71,275.1414
13777.0,29,24,12360.24,515.01,13616.92,9108.418500000002
13778.0,3,1,178.7,178.7,0.0,79.68319999999999
13780.0,70,1,116.28000000000002,116.28000000000002,243.73000000000002,167.8117999999999
13781.0,150,1,127.84,127.84,0.0,23.6399
13782.0,24,3,487.93,162.64333333333335,424.07,488.8457999999999
13784.0,13,8,1968.63,246.07875,494.15999999999997,762.2594000000013
13786.0,267,1,230.39999999999998,230.39999999999998,0.0,35.299099999999996
13787.0,264,1,106.4,106.4,202.64000000000001,215.0928999999998
13791.0,27,2,1516.0,758.0,0.0,282.94229999999993
13792.0,187,1,74.60000000000001,74.60000000000001,120.95,84.92679999999994
13798.0,7,41,28066.24,684.5424390243903,9087.61,10398.474599999996
13799.0,16,2,688.86,344.43,0.0,756.7462999999999
13800.0,209,1,558.32,558.32,0.0,55.4487
13802.0,38,3,4599.42,1533.14,0.0,1940.1123999999995
13803.0,155,1,277.07,277.07,0.0,100.19839999999996
13804.0,41,3,1355.11,451.7033333333333,1280.68,910.3557999999987
13805.0,29,1,500.24,500.24,424.36,296.2177000000002
13807.0,267,1,112.6,112.6,0.0,73.4898
13809.0,205,1,155.05,155.05,0.0,17.6753
13811.0,83,3,814.5,271.5,0.0,73.14519999999999
13812.0,5,1,278.74,278.74,260.26,958.5643999999999
13813.0,34,1,385.14,385.14,981.72,377.349
13814.0,37,1,617.54,617.54,961.58,492.99579999999986
13815.0,72,2,2977.75,1488.875,1049.61,898.8920000000004
13817.0,251,1,128.7,128.7,254.28,12.5144
13819.0,201,3,1140.35,380.1166666666666,0.0,298.4501000000001
13821.0,44,2,385.64,192.82,0.0,110.75389999999999
13824.0,35,4,1429.84,357.46,269.1,352.1060999999996
13826.0,76,1,189.5,189.5,0.0,34.110899999999994
13827.0,33,2,300.76,150.38,111.29,334.3740999999999
13831.0,38,4,1455.3899999999999,363.84749999999997,747.5999999999999,711.9722999999996
13833.0,59,1,384.8,384.8,0.0,197.6353
13835.0,55,2,537.34,268.67,297.23,282.0959999999999
13837.0,111,2,271.24,135.62,0.0,82.0238
13838.0,17,3,479.59,159.86333333333332,212.14,260.9750999999999
13841.0,152,1,85.0,85.0,0.0,45.21220000000001
13842.0,55,7,2165.27,309.32428571428574,1220.35,1208.6466000000019
13846.0,142,2,663.9300000000001,331.96500000000003,201.13,319.66120000000006
13848.0,197,2,935.0,467.5,320.0,261.9294
13849.0,70,1,593.5799999999999,593.5799999999999,944.37,1063.5652000000002
13850.0,29,1,1595.48,1595.48,0.0,1131.4971
13851.0,28,2,1353.28,676.64,1298.18,894.533599999999
13854.0,6,19,6145.16,323.4294736842105,1964.36,2501.3988999999965
13856.0,68,3,388.5,129.5,0.0,45.84589999999999
13859.0,226,1,201.16,201.16,0.0,173.6187
13862.0,8,6,1781.3,296.8833333333333,428.06,840.0233999999991
13863.0,147,1,305.78,305.78,0.0,255.12400000000014
13865.0,36,3,383.34000000000003,127.78000000000002,118.22,132.6093999999999
13867.0,118,1,138.85,138.85,876.44,622.7125000000005
13869.0,23,4,3104.95,776.2375,0.0,923.9261999999998
13870.0,1,5,2179.4700000000003,435.89400000000006,591.47,716.9585000000005
13871.0,12,8,4074.2400000000002,509.28000000000003,2329.01,1951.4232000000013
13873.0,19,3,389.6,129.86666666666667,0.0,49.64110000000001
13874.0,258,1,540.45,540.45,0.0,268.0848999999999
13875.0,33,4,1424.8,356.2,361.99,455.53289999999987
13880.0,45,8,1680.76,210.095,1539.01,1294.3816999999983
13881.0,7,9,6969.14,774.348888888889,10190.38,2754.0098999999987
13883.0,118,4,1742.78,435.695,931.7,1061.9450999999985
13884.0,177,3,196.25,65.41666666666667,591.35,428.5391999999994
13885.0,89,2,506.8,253.4,0.0,93.4776
13887.0,104,1,349.55,349.55,0.0,236.78250000000003
13888.0,19,2,605.63,302.815,0.0,111.08930000000002
13890.0,7,2,501.11,250.555,1382.7,830.7668999999993
13892.0,146,1,54.519999999999996,54.519999999999996,578.4499999999999,65.20200000000001
13893.0,197,1,821.1,821.1,0.0,168.71910000000003
13894.0,210,1,160.85,160.85,403.77000000000004,444.98929999999973
13895.0,43,2,937.3000000000001,468.65000000000003,1655.77,1209.4673000000007
13898.0,225,1,155.93,155.93,0.0,57.6289
13899.0,174,1,298.5,298.5,90.02,61.10540000000009
13900.0,83,3,740.95,246.98333333333335,0.0,119.0811
13901.0,7,4,2652.28,663.07,214.92000000000002,417.26319999999936
13904.0,194,1,201.12,201.12,131.52,282.31910000000005
13908.0,26,3,1461.61,487.2033333333333,907.94,881.800900000001
13911.0,44,8,2437.63,304.70375,143.28,696.9104999999996
13917.0,91,1,65.38,65.38,206.66,179.31399999999994
13918.0,153,1,198.2,198.2,1014.64,671.2624999999996
13919.0,21,1,213.15,213.15,171.66,204.83449999999993
13922.0,251,1,172.25,172.25,0.0,38.7976
13925.0,21,2,496.05,248.025,182.2,708.1663999999993
13928.0,6,2,225.45000000000002,112.72500000000001,239.12,237.65980000000002
13929.0,69,2,842.65,421.325,0.0,143.1261
13930.0,36,1,210.0,210.0,127.33999999999999,265.32430000000005
13931.0,180,1,378.21000000000004,378.21000000000004,859.32,546.6532000000001
13932.0,194,1,307.4,307.4,0.0,61.52020000000002
13933.0,9,2,608.7900000000001,304.39500000000004,0.0,169.6061
13934.0,163,1,922.1,922.1,0.0,118.77649999999998
13936.0,79,1,376.58,376.58,0.0,215.2215
13937.0,69,1,158.85,158.85,0.0,286.87770000000006
13939.0,8,2,390.21,195.105,178.34,243.1453000000001
13940.0,16,2,391.06,195.53,448.08000000000004,337.15239999999983
13941.0,71,3,2831.26,943.7533333333334,2281.7000000000003,1715.9186999999997
13946.0,101,2,485.96999999999997,242.98499999999999,75.6,257.5836999999998
13948.0,260,1,102.0,102.0,0.0,67.7046
13950.0,146,1,179.30999999999997,179.30999999999997,565.75,408.2864
13951.0,76,3,674.45,224.8166666666667,0.0,319.13160000000005
13952.0,117,2,3251.071,1625.5355,0.0,713.4953999999999
13953.0,15,5,2604.36,520.8720000000001,911.32,1528.2423000000022
13955.0,54,2,322.96,161.48,0.0,137.2698
13956.0,38,3,680.27,226.75666666666666,346.15,295.2401000000003
13959.0,181,2,337.44,168.72,260.76,258.65349999999984
13962.0,145,1,117.6,117.6,51.95,79.01179999999992
13963.0,208,4,664.54,166.135,0.0,90.53779999999999
13967.0,45,1,80.7,80.7,0.0,22.816399999999998
13969.0,7,11,3911.35,355.5772727272727,5142.59,1051.901000000001
13971.0,6,6,1985.9,330.98333333333335,772.36,973.0143000000003
13972.0,101,1,145.9,145.9,44.349999999999994,95.50040000000007
13973.0,187,1,264.7,264.7,0.0,58.92320000000001
13975.0,28,4,1497.71,374.4275,1028.57,921.8847000000012
13976.0,106,1,357.98,357.98,0.0,167.24210000000002
13982.0,63,3,1230.1399999999999,410.0466666666666,641.67,688.970499999999
13983.0,87,8,1681.06,210.1325,922.37,872.0648999999996
13984.0,26,4,819.33,204.8325,101.18,226.13310000000004
13985.0,7,7,2773.04,396.1485714285714,4287.09,3283.6390000000015
13988.0,62,3,1923.5,641.1666666666666,2224.46,1640.3737000000006
13989.0,139,1,896.6700000000001,896.6700000000001,369.40999999999997,896.5941000000004
13990.0,113,1,311.3,311.3,0.0,204.70650000000006
13991.0,43,1,126.35,126.35,729.62,595.1104000000007
13993.0,0,6,2247.41,374.5683333333333,1218.95,1265.5553999999986
13994.0,5,2,419.56,209.78,1893.5800000000002,1234.543200000001
13995.0,15,3,871.9,290.6333333333333,521.79,573.9336999999992
13999.0,15,8,2561.94,320.2425,1339.8700000000001,1390.4099999999983
14000.0,111,1,635.66,635.66,0.0,315.9263
14001.0,132,2,1309.14,654.57,733.94,155.2057
14002.0,34,2,529.73,264.865,0.0,76.6175
14004.0,8,4,2962.26,740.565,1620.3799999999999,337.9383999999998
14005.0,33,3,696.56,232.18666666666664,2178.16,1421.1067000000012
14006.0,15,3,962.19,320.73,0.0,451.5974
14009.0,98,2,695.61,347.805,0.0,676.6996999999999
14012.0,177,1,328.8,328.8,0.0,5.8139
14013.0,10,3,473.02,157.67333333333332,0.0,122.36039999999998
14016.0,61,4,4341.21,1085.3025,0.0,692.6133
14019.0,38,1,384.29,384.29,1037.32,769.0080000000003
14021.0,55,3,631.9,210.63333333333333,0.0,110.52220000000001
14022.0,125,1,440.0,440.0,0.0,182.03599999999994
14023.0,150,1,273.14,273.14,310.93,752.7621999999999
14024.0,21,2,327.7,163.85,0.0,197.02380000000002
14029.0,44,1,165.20000000000002,165.20000000000002,302.46,250.08789999999965
14030.0,21,6,1657.5,276.25,702.59,849.3500999999985
14031.0,26,13,9627.03,740.5407692307692,7659.83,5827.681600000002
14032.0,68,6,1845.37,307.56166666666667,1130.22,920.9622000000006
14034.0,57,2,473.90999999999997,236.95499999999998,177.91,166.09149999999994
14035.0,7,3,837.26,279.08666666666664,590.76,496.3403
14036.0,184,1,626.65,626.65,0.0,16.1136
14037.0,76,2,147.20000000000002,73.60000000000001,0.0,1.6665999999999999
14038.0,44,2,1086.42,543.21,473.96,257.62679999999995
14040.0,17,9,2485.91,276.2122222222222,1129.01,1179.5334999999984
14041.0,166,1,141.41,141.41,0.0,701.7958000000002
14044.0,3,3,542.11,180.70333333333335,110.71000000000001,102.47319999999986
14045.0,9,4,1659.75,414.9375,0.0,346.44560000000007
14046.0,184,1,154.99,154.99,0.0,46.36639999999999
14047.0,99,3,635.92,211.97333333333333,672.69,555.7475000000004
14048.0,205,1,409.93,409.93,0.0,64.0394
14049.0,58,3,3285.39,1095.1299999999999,2396.33,2179.502699999996
14050.0,6,1,485.98,485.98,260.38,333.31680000000017
14051.0,13,15,8687.44,579.1626666666667,6922.95,6693.333599999997
14053.0,24,2,260.25,130.125,0.0,91.54920000000001
14055.0,6,1,725.6400000000001,725.6400000000001,0.0,137.0274
14056.0,7,17,5382.51,316.61823529411765,2832.14,2683.7414000000053
14057.0,0,13,4811.98,370.15230769230766,1405.98,2594.870000000001
14059.0,166,1,183.6,183.6,0.0,44.7531
14060.0,8,14,4102.78,293.05571428571426,2037.64,1611.3579999999993
14062.0,12,9,7801.79,866.8655555555556,2663.0600000000004,2294.9318999999987
14064.0,13,4,1097.6799999999998,274.41999999999996,256.06,424.6296
14066.0,166,1,152.55,152.55,0.0,110.92140000000003
14068.0,220,1,265.85,265.85,0.0,71.33850000000001
14071.0,160,2,356.81,178.405,1082.01,671.4896000000003
14075.0,161,1,307.92,307.92,634.34,524.9981999999991
14076.0,29,1,122.47,122.47,0.0,85.26150000000003
14077.0,82,3,310.4,103.46666666666665,189.01999999999998,180.8629000000002
14078.0,1,6,1049.37,174.89499999999998,0.0,304.18080000000003
14079.0,24,1,375.1,375.1,0.0,190.64219999999997
14081.0,202,2,934.52,467.26,0.0,97.41810000000001
14082.0,264,1,182.25,182.25,0.0,0.0
14083.0,26,7,548.92,78.41714285714285,469.51,607.8214000000003
14085.0,41,12,3248.19,270.6825,1200.35,1255.0959000000012
14088.0,28,7,25507.89,3643.9842857142858,24983.920000000002,18780.86809999998
14090.0,224,1,76.32000000000001,76.32000000000001,0.0,2.113
14092.0,31,9,2437.8,270.8666666666667,1639.1100000000001,1445.805299999999
14096.0,1,1,21.84,21.84,65142.95,38484.071800000056
14099.0,20,8,2309.92,288.74,794.25,1326.1811000000002
14100.0,37,1,194.9,194.9,0.0,49.19469999999999
14101.0,42,5,4944.389999999999,988.8779999999999,1032.4,1968.7595000000013
14104.0,54,2,216.20999999999998,108.10499999999999,0.0,49.982699999999994
14105.0,139,1,1266.23,1266.23,0.0,186.69760000000002
14107.0,76,5,1836.84,367.368,866.39,824.1985999999997
14108.0,1,1,291.33,291.33,306.58,974.0245999999997
14110.0,19,5,3259.62,651.924,2423.5299999999997,1830.434
14111.0,6,2,247.2,123.6,445.65,345.4116000000005
14112.0,30,4,1900.82,475.205,1014.33,1002.5398000000008
14113.0,254,1,433.5,433.5,1406.92,917.5284999999992
14114.0,173,2,386.53,193.265,0.0,60.4209
14116.0,21,1,319.97,319.97,1062.77,835.3079999999995
14117.0,43,1,90.0,90.0,0.0,30.758000000000006
14127.0,22,3,709.71,236.57000000000002,0.0,81.03420000000001
14128.0,155,1,305.54,305.54,331.96,260.87959999999964
14129.0,160,1,358.90000000000003,358.90000000000003,764.96,590.3992999999999
14130.0,219,1,483.86,483.86,0.0,31.9702
14132.0,13,5,1552.46,310.492,2033.57,1589.9082000000026
14133.0,29,3,605.64,201.88,0.0,108.51770000000002
14135.0,5,10,3190.32,319.03200000000004,1499.99,1486.2681000000005
14141.0,5,1,285.16,285.16,629.97,1054.8234
14142.0,273,1,311.81,311.81,0.0,62.66679999999999
14143.0,33,1,115.8,115.8,0.0,164.71570000000003
14145.0,56,3,2851.2,950.4,891.0,943.984
14146.0,154,2,1903.73,951.865,2287.27,324.67669999999987
14147.0,185,1,182.8,182.8,300.6,68.59900000000002
14148.0,133,1,157.2,157.2,0.0,48.212199999999996
14149.0,120,1,446.62,446.62,0.0,154.2052999999999
14150.0,259,1,306.18,306.18,352.46000000000004,241.5272999999997
14152.0,134,1,314.51,314.51,306.78000000000003,204.97209999999998
14154.0,139,2,1345.62,672.81,0.0,139.1498
14155.0,166,1,118.75,118.75,0.0,227.54599999999985
14156.0,14,35,85001.9,2428.625714285714,32377.73,42533.3429
14157.0,185,1,277.17,277.17,155.71,152.3011999999997
14159.0,44,6,2184.21,364.035,2508.8,1215.3842000000004
14161.0,115,3,1110.52,370.17333333333335,0.0,231.08030000000005
14162.0,73,2,289.36,144.68,0.0,98.14550000000001
14163.0,52,3,1659.39,553.13,786.52,775.3803999999997
14165.0,175,1,122.53999999999999,122.53999999999999,0.0,28.349500000000013
14167.0,65,3,402.1,134.03333333333333,172.74,134.31559999999988
14173.0,119,1,114.04,114.04,336.8,261.83729999999963
14175.0,71,2,1205.99,602.995,2016.31,1471.904199999999
14176.0,197,4,576.9000000000001,144.22500000000002,0.0,71.94379999999997
14177.0,79,1,118.08,118.08,441.33,261.7704999999998
14178.0,43,2,312.89,156.445,1308.04,905.830999999999
14180.0,6,21,4110.12,195.72,638.4,1137.8613999999986
14185.0,231,1,197.65,197.65,0.0,70.30120000000001
14188.0,9,4,1383.46,345.865,670.9,587.3471000000009
14189.0,13,10,2906.96,290.696,1747.12,1625.8311999999983
14191.0,8,7,2258.26,322.60857142857145,2426.5,1843.8184000000006
14193.0,169,1,422.53999999999996,422.53999999999996,430.85,359.72799999999967
14194.0,6,12,5666.45,472.20416666666665,5683.07,4185.279000000002
14195.0,101,2,1012.0,506.0,0.0,244.06750000000002
14196.0,6,1,335.52,335.52,0.0,244.9221
14198.0,45,2,356.95,178.475,344.45,149.9676
14199.0,118,1,185.39999999999998,185.39999999999998,0.0,35.904700000000005
14201.0,49,5,521.24,104.248,226.2,302.8295000000004
14205.0,164,1,222.9,222.9,243.8,29.829
14206.0,139,1,328.15999999999997,328.15999999999997,0.0,103.4814
14209.0,21,5,1876.33,375.26599999999996,197.10000000000002,610.1248000000003
14210.0,5,6,1905.8400000000001,317.64000000000004,0.0,268.9696
14211.0,107,5,909.89,181.978,1331.21,1007.533900000001
14214.0,56,3,899.16,299.71999999999997,105.22,285.23950000000036
14215.0,86,4,1098.27,274.5675,691.45,682.1335000000004
14217.0,55,9,1085.0,120.55555555555556,919.98,721.565600000001
14220.0,147,2,632.4,316.2,0.0,132.44699999999997
14221.0,13,7,2617.0099999999998,373.8585714285714,815.79,2062.8076999999994
14222.0,77,1,683.17,683.17,0.0,214.23070000000004
14223.0,57,2,656.59,328.295,334.54,289.8367000000005
14224.0,10,4,1050.12,262.53,0.0,609.8343000000001
14226.0,110,2,1709.4,854.7,522.7900000000001,317.9125
14227.0,96,7,2399.52,342.7885714285714,951.44,1262.9398000000008
14229.0,191,2,762.13,381.065,785.0699999999999,561.9703
14231.0,83,3,925.71,308.57,0.0,468.0761999999997
14232.0,15,4,1573.33,393.3325,474.74,513.4585
14233.0,111,3,959.1,319.7,503.62,496.1802999999998
14235.0,57,4,2802.86,700.715,342.0,1217.5895000000005
14236.0,272,1,189.3,189.3,301.56,276.80659999999995
14237.0,273,1,161.0,161.0,0.0,113.67300000000002
14238.0,226,1,146.85,146.85,0.0,40.3058
14239.0,30,7,1415.54,202.22,965.3100000000001,761.948
14240.0,125,1,226.85,226.85,663.49,477.03459999999984
14241.0,83,1,213.70000000000002,213.70000000000002,0.0,207.1700999999999
14242.0,134,2,280.55,140.275,0.0,96.9375
14243.0,40,7,1990.78,284.39714285714285,597.99,759.6179999999999
14245.0,119,2,1693.45,846.725,0.0,147.17420000000004
14246.0,10,3,1474.06,491.3533333333333,0.0,963.6048999999999
14247.0,178,1,136.76999999999998,136.76999999999998,0.0,10.084000000000001
14248.0,218,1,302.58,302.58,0.0,33.637
14256.0,160,2,969.0600000000001,484.53000000000003,0.0,74.3675
14257.0,23,4,2725.84,681.46,373.88,582.8022999999994
14258.0,51,7,9386.32,1340.902857142857,3283.66,1849.2650999999996
14259.0,41,1,120.0,120.0,0.0,459.67689999999993
14262.0,7,3,855.0,285.0,1763.23,1347.776999999999
14264.0,54,2,333.97,166.985,0.0,65.12819999999999
14265.0,9,2,530.18,265.09,0.0,207.53650000000002
14267.0,62,3,1516.24,505.41333333333336,0.0,909.0218999999997
14270.0,231,1,492.65000000000003,492.65000000000003,0.0,663.1503
14271.0,125,1,112.32,112.32,0.0,3.3680000000000003
14272.0,154,1,132.09,132.09,305.87,118.35339999999995
14273.0,36,3,450.05,150.01666666666668,109.92,181.88089999999988
14276.0,80,2,720.4,360.2,399.34,453.0079999999993
14277.0,112,1,1637.43,1637.43,2578.77,2079.171999999998
14280.0,96,1,134.04,134.04,0.0,5.7615
14282.0,9,9,2495.44,277.2711111111111,1233.9,1282.1773999999982
14285.0,76,1,5.9,5.9,1904.1100000000001,50605.136699999974
14286.0,142,1,2050.08,2050.08,2578.67,1749.2668000000017
14287.0,98,2,83.28,41.64,93.35,72.96049999999997
14288.0,113,1,426.6,426.6,0.0,244.47569999999993
14289.0,34,5,832.78,166.55599999999998,78.48,278.2157999999998
14290.0,261,1,777.5600000000001,777.5600000000001,1537.0900000000001,993.3447999999986
14291.0,20,7,2355.54,336.5057142857143,1527.71,1607.3372000000004
14292.0,45,4,2590.21,647.5525,2281.7200000000003,1723.914000000001
14293.0,47,3,739.41,246.47,307.15000000000003,268.9907000000003
14297.0,174,1,232.6,232.6,1072.73,783.0929000000003
14298.0,23,36,35591.84,988.6622222222221,15935.46,18000.52169999998
14299.0,7,5,2437.14,487.428,1528.48,1465.1340000000002
14301.0,17,1,640.14,640.14,0.0,21.483599999999996
14304.0,122,1,383.45,383.45,0.0,16.5656
14305.0,13,2,1048.45,524.225,810.51,493.17229999999967
14307.0,34,4,2307.89,576.9725,687.83,623.6817000000009
14309.0,68,6,1310.02,218.33666666666667,1042.51,954.701799999999
14311.0,142,1,310.26,310.26,0.0,42.47429999999999
14312.0,86,4,854.59,213.6475,757.0,780.1927
14314.0,6,1,120.0,120.0,0.0,167.07050000000004
14315.0,29,5,1550.15,310.03000000000003,930.98,1046.5071999999993
14320.0,106,2,477.79,238.895,0.0,448.8203999999998
14321.0,16,3,900.65,300.21666666666664,630.1,491.4215999999994
14323.0,14,2,605.0600000000001,302.53000000000003,0.0,75.5459
14326.0,142,1,183.85,183.85,0.0,6.414300000000001
14327.0,63,1,311.65,311.65,0.0,43.552299999999995
14329.0,8,4,3485.03,871.2575,1529.81,1484.3507999999995
14331.0,24,2,462.65999999999997,231.32999999999998,0.0,150.77079999999995
14332.0,47,1,119.04,119.04,747.27,775.4199999999997
14334.0,22,6,2013.51,335.585,538.7,917.1093999999995
14336.0,98,3,1114.39,371.46333333333337,500.52000000000004,483.7163999999996
14338.0,61,2,588.22,294.11,0.0,90.65620000000001
14339.0,142,1,309.52,309.52,0.0,31.747900000000005
14340.0,118,1,134.7,134.7,0.0,46.86380000000001
14341.0,30,6,1139.52,189.92,1042.76,920.6851999999996
14342.0,37,2,419.74,209.87,248.82,259.9521999999999
14344.0,27,8,889.9300000000001,111.24125000000001,0.0,341.5374999999999
14346.0,20,2,1021.58,510.79,0.0,160.77470000000005
14348.0,160,1,409.57,409.57,0.0,38.972
14350.0,174,1,282.93,282.93,0.0,43.1931
14351.0,64,1,51.0,51.0,0.0,15.0273
14352.0,57,4,1078.96,269.74,0.0,287.6043
14353.0,115,1,90.6,90.6,0.0,4.7120999999999995
14355.0,265,1,174.4,174.4,0.0,21.779300000000003
14364.0,8,8,3717.35,464.66875,0.0,511.4240000000002
14367.0,37,10,5448.45,544.845,3813.07,3506.704300000003
14368.0,219,1,155.0,155.0,0.0,28.725000000000005
14371.0,195,1,100.5,100.5,0.0,8.158000000000001
14373.0,258,1,76.55,76.55,0.0,56.50030000000002
14375.0,85,1,257.68,257.68,0.0,16.273899999999998
14377.0,91,2,617.05,308.525,0.0,104.66550000000001
14379.0,195,1,110.98,110.98,237.12,164.72590000000025
14383.0,63,1,242.09,242.09,1005.6,666.5941999999995
14386.0,196,1,142.4,142.4,0.0,211.26049999999998
14387.0,9,1,440.76,440.76,1329.8,1068.2944000000014
14388.0,21,5,1835.1100000000001,367.02200000000005,1377.73,1116.3120999999996
14389.0,90,1,311.14,311.14,732.32,77.9691
14390.0,44,4,1592.66,398.165,3060.16,2077.8722000000025
14393.0,118,1,67.95,67.95,0.0,71.61489999999999
14395.0,77,6,1966.22,327.7033333333333,1541.49,1409.2221000000009
14396.0,271,1,110.35000000000001,110.35000000000001,377.64,279.19819999999976
14397.0,9,9,856.0,95.11111111111111,1756.96,1229.938700000001
14400.0,49,1,574.7,574.7,0.0,130.89890000000003
14401.0,7,9,2766.2999999999997,307.3666666666666,1285.18,1336.5690999999983
14403.0,30,4,1475.81,368.9525,0.0,359.09549999999996
14404.0,8,5,1347.52,269.504,126.79999999999998,551.2605000000005
14406.0,19,1,156.75,156.75,0.0,77.0109
14407.0,7,6,2157.73,359.62166666666667,0.0,637.4417000000002
14408.0,30,5,1996.51,399.302,610.02,877.0964999999993
14409.0,22,5,1943.73,388.746,115.72,373.9836000000003
14410.0,41,7,979.98,139.99714285714285,125.09,330.5633
14411.0,210,1,1063.0,1063.0,0.0,283.36560000000003
14413.0,262,1,122.7,122.7,0.0,26.4824
14414.0,9,5,1137.08,227.416,359.9,403.8731000000005
14415.0,23,8,3339.33,417.41625,2560.95,2085.565300000001
14418.0,8,1,150.44,150.44,1786.81,1186.0862999999993
14419.0,152,2,307.56,153.78,750.5,523.2702
14421.0,111,1,455.18,455.18,357.93,363.4987000000001
14422.0,70,2,1032.15,516.075,3231.4900000000002,163.4289
14423.0,118,1,265.2,265.2,0.0,145.48620000000003
14426.0,40,6,2885.58,480.93,1596.09,1538.2284999999983
14428.0,139,2,330.62,165.31,914.21,660.8101999999998
14431.0,202,1,470.36,470.36,0.0,208.58780000000002
14437.0,265,1,63.0,63.0,0.0,24.861200000000007
14438.0,206,1,131.9,131.9,0.0,202.5007
14439.0,219,1,2661.24,2661.24,0.0,493.2045999999997
14440.0,216,2,1185.71,592.855,1171.97,1237.0079000000003
14441.0,155,1,356.84000000000003,356.84000000000003,1356.05,924.8166000000012
14442.0,104,2,1589.82,794.91,0.0,298.1352
14443.0,38,3,991.52,330.50666666666666,428.68,602.8161999999999
14446.0,146,1,303.04,303.04,736.54,517.2634000000003
14447.0,96,2,601.03,300.515,562.2,473.89109999999994
14448.0,264,1,102.35000000000001,102.35000000000001,273.0,225.9505
14449.0,146,2,401.3,200.65,505.8,355.78139999999985
14450.0,80,3,483.25,161.08333333333334,0.0,183.40469999999996
14451.0,94,1,360.0,360.0,302.59,302.0471
14453.0,90,1,119.93,119.93,0.0,129.0793
14456.0,31,3,636.65,212.21666666666667,2425.75,292.5868999999999
14457.0,210,1,113.64,113.64,0.0,31.804499999999994
14459.0,55,1,1837.92,1837.92,0.0,140.8643
14460.0,10,3,434.34,144.78,0.0,116.34570000000004
14461.0,48,3,2103.06,701.02,0.0,863.2200000000006
14462.0,20,9,1534.1,170.45555555555555,469.92,643.2006999999995
14463.0,70,2,309.42,154.71,220.2,224.3426000000003
14465.0,146,3,1058.6200000000001,352.8733333333334,0.0,166.0603
14466.0,15,5,1580.45,316.09000000000003,691.95,755.1526999999988
14467.0,212,1,131.7,131.7,467.06,349.16020000000026
14470.0,187,1,297.64,297.64,163.55,40.07850000000001
14472.0,3,8,1936.84,242.105,0.0,672.4009000000005
14473.0,182,1,85.0,85.0,149.34000000000003,105.5719000000001
14475.0,86,2,622.17,311.085,303.68,254.09600000000006
14476.0,157,1,215.7,215.7,0.0,69.51159999999999
14477.0,84,2,523.0,261.5,786.6,619.5872999999993
14479.0,153,2,316.25,158.125,0.0,126.32589999999999
14481.0,64,2,636.51,318.255,0.0,119.40510000000002
14482.0,139,1,238.1,238.1,1830.05,1155.6279000000009
14483.0,181,1,137.1,137.1,0.0,15.303600000000001
14487.0,268,1,125.10000000000001,125.10000000000001,1071.23,711.4784000000005
14489.0,107,1,463.38,463.38,0.0,247.8086
14491.0,75,2,340.93,170.465,0.0,64.9965
14493.0,55,1,611.22,611.22,1772.02,995.2718
14495.0,21,1,40.599999999999994,40.599999999999994,83.2,84.12209999999992
14496.0,211,2,538.8100000000001,269.40500000000003,0.0,131.86970000000005
14497.0,209,1,475.37,475.37,0.0,25.178399999999996
14498.0,16,4,1281.79,320.4475,675.53,695.9640999999997
14499.0,33,2,370.96000000000004,185.48000000000002,444.36,317.83500000000026
14500.0,12,2,335.85,167.925,21.0,96.35180000000003
14501.0,83,2,251.21,125.605,0.0,114.81310000000002
14502.0,49,7,1176.01,168.00142857142856,1294.66,817.6712000000001
14503.0,78,1,597.07,597.07,2946.19,2163.8186000000005
14504.0,143,3,542.71,180.90333333333334,130.55,169.98819999999986
14505.0,9,6,4255.64,709.2733333333334,1650.0,1512.5093000000002
14506.0,62,3,831.66,277.21999999999997,1180.51,281.953
14507.0,1,4,924.6899999999999,231.17249999999999,458.49,430.6357999999998
14511.0,33,1,138.16,138.16,1176.65,761.8753999999999
14512.0,87,2,275.28,137.64,0.0,25.074500000000008
14513.0,0,3,455.59000000000003,151.86333333333334,0.0,119.13409999999998
14514.0,101,2,403.11,201.555,652.24,526.3778999999997
14515.0,91,2,765.65,382.825,1336.44,863.2541000000008
14517.0,41,1,252.45,252.45,78.0,121.8109
14520.0,190,1,165.0,165.0,105.60000000000001,103.17450000000012
14522.0,98,1,278.63,278.63,695.91,597.6530000000009
14523.0,8,1,241.09,241.09,0.0,136.15740000000002
14524.0,78,5,1052.72,210.544,814.96,655.7979999999994
14525.0,0,7,2926.14,418.02,1406.06,1591.5856999999987
14527.0,7,39,5136.4,131.70256410256408,3372.42,3160.874400000001
14529.0,10,1,135.24,135.24,484.8,360.6772
14530.0,28,4,2021.27,505.3175,904.64,848.5385999999997
14532.0,136,4,932.85,233.2125,0.0,251.03900000000002
14533.0,12,2,734.98,367.49,1214.74,999.8049000000009
14534.0,19,13,2904.05,223.38846153846154,1543.0,1404.5692000000001
14535.0,27,2,1653.91,826.955,1210.28,1205.6216999999997
14536.0,159,1,171.8,171.8,0.0,81.97580000000002
14538.0,156,1,106.5,106.5,281.75,184.77839999999998
14540.0,209,1,195.9,195.9,800.36,578.3508999999999
14541.0,68,7,1315.65,187.95000000000002,146.0,897.8524999999997
14542.0,85,1,103.25,103.25,0.0,53.810500000000005
14543.0,8,13,3265.1,251.16153846153844,365.23,711.5669000000005
14544.0,261,1,1121.92,1121.92,902.53,254.9026
14546.0,101,2,874.88,437.44,1703.21,953.5333000000007
14548.0,50,2,652.8,326.4,0.0,400.43510000000015
14549.0,211,1,289.24,289.24,0.0,68.41689999999998
14551.0,104,1,125.43,125.43,60.8,87.46620000000003
14552.0,51,1,165.07,165.07,0.0,113.22789999999995
14553.0,118,2,312.32,156.16,546.95,398.91299999999995
14555.0,202,1,197.94,197.94,126.2,271.59830000000034
14560.0,9,13,1414.0,108.76923076923077,823.77,799.2761999999992
14561.0,62,2,566.99,283.495,513.77,379.404
14562.0,27,6,1985.3500000000001,330.8916666666667,3089.42,2007.9225000000013
14565.0,13,3,2560.32,853.44,538.8000000000001,697.9275000000011
14566.0,10,1,1432.0,1432.0,0.0,85.6057
14567.0,30,1,800.76,800.76,729.6,605.1224999999994
14570.0,180,2,218.06,109.03,0.0,95.95500000000001
14572.0,10,5,2089.44,417.88800000000003,743.4,919.9815999999992
14573.0,79,9,1653.42,183.71333333333334,0.0,271.4356
14576.0,272,1,35.400000000000006,35.400000000000006,0.0,105.64980000000001
14577.0,63,3,646.64,215.54666666666665,213.07,231.18399999999986
14583.0,44,4,787.64,196.91,264.91,360.2208000000002
14584.0,69,4,1042.26,260.565,0.0,215.42850000000007
14586.0,176,1,237.36,237.36,0.0,125.07909999999998
14587.0,84,8,1473.53,184.19125,127.61,377.9540000000003
14589.0,271,1,39.75,39.75,0.0,2.006
14591.0,113,1,250.22,250.22,1196.92,758.5934999999994
14593.0,98,2,339.59,169.795,278.4,386.9209000000002
14594.0,273,1,255.0,255.0,124.83,98.72909999999996
14595.0,213,1,163.8,163.8,1576.8,1099.4755000000011
14597.0,91,1,165.1,165.1,718.05,516.0536000000004
14600.0,205,1,393.33000000000004,393.33000000000004,0.0,35.598800000000004
14603.0,174,1,660.0,660.0,0.0,81.52570000000001
14606.0,3,69,9329.38,135.20840579710145,2827.27,12129.269200000004
14607.0,161,1,495.0,495.0,16074.5,10368.6893
14608.0,262,1,204.0,204.0,1581.15,1049.783999999999
14609.0,43,3,486.36,162.12,115.2,496.6598999999999
14616.0,142,3,406.08000000000004,135.36,0.0,27.536499999999997
14618.0,237,1,211.8,211.8,341.64,224.9486999999998
14619.0,145,1,394.44,394.44,0.0,23.117000000000004
14620.0,105,2,412.78000000000003,206.39000000000001,0.0,234.8818
14621.0,56,3,1002.91,334.30333333333334,785.45,671.5750999999992
14622.0,84,1,320.58000000000004,320.58000000000004,0.0,206.4141
14623.0,16,3,608.71,202.90333333333334,280.54,202.4774000000003
14625.0,96,2,899.63,449.815,0.0,141.7278
14626.0,22,2,1571.29,785.645,1219.98,940.6526999999996
14628.0,142,1,331.58000000000004,331.58000000000004,340.38,272.6533000000001
14631.0,135,2,630.08,315.04,376.90000000000003,294.9466000000003
14632.0,162,1,114.56,114.56,0.0,52.0282
14633.0,166,1,344.90000000000003,344.90000000000003,0.0,82.12200000000001
14636.0,168,1,300.19,300.19,309.66,244.11739999999998
14639.0,20,4,1989.23,497.3075,995.26,1057.7687999999998
14640.0,27,4,1501.06,375.265,624.02,767.5614999999998
14643.0,70,2,693.8100000000001,346.90500000000003,0.0,147.2907
14644.0,198,1,187.50000000000003,187.50000000000003,643.26,635.4402000000006
14645.0,56,2,597.09,298.545,0.0,50.9282
14646.0,5,40,176355.94,4408.8985,103850.08,81844.72780000004
14647.0,101,1,243.22,243.22,0.0,59.7721
14649.0,112,2,584.22,292.11,833.0699999999999,711.1244000000003
14651.0,111,1,416.32,416.32,238.28,227.28159999999986
14653.0,238,1,344.81,344.81,1602.74,1183.7753000000014
14655.0,122,1,810.56,810.56,1121.67,892.041099999999
14656.0,69,2,291.05,145.525,0.0,65.8254
14657.0,55,3,638.94,212.98000000000002,209.28,225.41119999999995
14658.0,17,1,123.14,123.14,124.01,106.45860000000012
14659.0,45,6,1641.55,273.59166666666664,888.38,968.2612000000005
14660.0,0,1,128.95,128.95,156.79,157.8391000000002
14662.0,134,3,524.86,174.95333333333335,246.31,227.48440000000014
14665.0,196,3,731.66,243.88666666666666,1104.04,883.5582999999992
14667.0,13,17,5488.22,322.83647058823533,3752.98,3366.9314999999997
14669.0,141,3,1269.99,423.33,0.0,159.545
14670.0,180,2,411.53,205.765,0.0,168.68470000000008
14672.0,134,2,765.55,382.775,0.0,221.5458000000001
14673.0,267,1,373.49,373.49,1362.91,1101.7445000000016
14676.0,47,4,1690.92,422.73,857.32,818.8469000000008
14680.0,21,13,24196.4,1861.2615384615385,4557.71,9234.956099999996
14681.0,111,1,393.95,393.95,105.0,160.4597000000001
14682.0,87,2,52.0,26.0,0.0,47.7598
14684.0,115,2,519.26,259.63,717.02,512.9564999999993
14687.0,6,1,628.38,628.38,0.0,143.92560000000003
14688.0,29,15,3852.54,256.836,1778.33,1870.4105999999977
14689.0,108,1,112.8,112.8,0.0,40.90089999999999
14690.0,51,1,216.71,216.71,154.99,165.6968999999999
14691.0,112,1,439.6,439.6,1674.73,1266.912399999999
14692.0,37,4,591.55,147.8875,0.0,66.2194
14693.0,164,1,172.9,172.9,0.0,124.04030000000006
14696.0,19,5,1458.54,291.70799999999997,620.41,656.9786000000015
14697.0,118,2,188.60999999999999,94.30499999999999,0.0,67.54719999999999
14699.0,114,1,109.13000000000001,109.13000000000001,0.0,15.093499999999999
14700.0,89,2,1557.6,778.8,677.6999999999999,657.2287999999992
14701.0,72,7,1958.28,279.7542857142857,591.09,651.922599999999
14702.0,16,9,1687.7,187.52222222222224,1604.44,1387.812500000001
14704.0,42,2,221.16,110.58,1325.75,303.57729999999987
14705.0,98,1,179.0,179.0,0.0,143.6349
14708.0,54,2,701.1800000000001,350.59000000000003,425.19,382.44419999999985
14709.0,12,8,3364.44,420.555,1556.6000000000001,1515.6815000000015
14711.0,9,8,2064.42,258.0525,804.38,992.8617000000003
14712.0,12,1,115.72,115.72,801.35,489.7776999999995
14713.0,27,8,1821.8799999999999,227.73499999999999,844.48,870.6446999999997
14715.0,198,2,247.45,123.725,619.9300000000001,546.7215000000003
14716.0,48,1,188.56,188.56,141.12,144.21890000000022
14719.0,79,2,488.12,244.06,1114.01,843.1255999999995
14720.0,26,1,155.8,155.8,508.01,208.3057
14722.0,47,1,187.92000000000002,187.92000000000002,0.0,162.21110000000027
14723.0,258,3,471.0,157.0,687.3000000000001,517.9388000000006
14727.0,174,1,268.58,268.58,0.0,34.0146
14729.0,273,1,313.49,313.49,0.0,124.00249999999997
14730.0,7,5,904.21,180.842,1100.85,896.5220000000005
14731.0,105,2,251.01999999999998,125.50999999999999,129.0,125.60859999999998
14732.0,43,5,1618.3,323.65999999999997,1084.19,1080.6018000000013
14733.0,10,11,9044.2,822.2,541.71,2315.9748999999983
14735.0,10,22,3496.31,158.9231818181818,2569.38,1713.1299999999987
14737.0,28,2,1081.75,540.875,82.8,170.6645999999999
14738.0,33,5,757.6500000000001,151.53000000000003,556.8000000000001,453.42500000000035
14739.0,119,3,1307.6200000000001,435.8733333333334,2594.66,594.3876999999997
14740.0,97,3,1448.21,482.7366666666667,0.0,823.3639000000002
14741.0,13,4,864.96,216.24,535.38,498.8625999999996
14744.0,197,5,928.03,185.606,171.95,275.5214000000003
14745.0,12,5,1220.26,244.052,0.0,256.97349999999994
14747.0,149,1,328.2,328.2,0.0,162.24579999999986
14748.0,23,4,1118.77,279.6925,296.98,378.1443000000001
14754.0,195,1,228.26999999999998,228.26999999999998,409.78,326.29979999999966
14755.0,12,7,2867.6800000000003,409.66857142857145,2142.6,1597.7420999999993
14758.0,44,4,1484.06,371.015,0.0,412.2117999999999
14759.0,12,2,870.85,435.425,755.12,782.1300999999996
14760.0,197,1,89.2,89.2,0.0,7.501200000000001
14761.0,234,1,97.5,97.5,158.4,48.831100000000006
14762.0,163,1,300.52,300.52,0.0,56.3456
14765.0,12,2,95.5,47.75,158.61,111.69340000000005
14766.0,68,4,1531.32,382.83,942.0500000000001,882.238600000001
14768.0,27,1,133.20000000000002,133.20000000000002,59.400000000000006,150.81379999999982
14769.0,8,6,6487.94,1081.3233333333333,4186.81,3410.994899999999
14770.0,132,2,876.42,438.21,0.0,572.3926999999994
14772.0,12,1,139.26,139.26,0.0,41.38270000000001
14775.0,37,2,701.46,350.73,310.44,319.12699999999955
14776.0,5,8,1862.22,232.7775,676.08,623.147100000001
14778.0,27,2,730.86,365.43,0.0,365.6673000000001
14779.0,180,3,386.15,128.71666666666667,0.0,20.191600000000005
14782.0,219,1,200.10000000000002,200.10000000000002,0.0,78.04440000000001
14784.0,223,1,114.68,114.68,175.31,141.2031999999999
14790.0,19,2,364.04,182.02,381.02,322.50410000000016
14794.0,103,4,679.54,169.885,640.37,553.9384000000005
14795.0,66,1,131.45000000000002,131.45000000000002,0.0,58.3034
14796.0,7,13,5757.42,442.8784615384615,2265.07,2510.4122000000025
14798.0,44,2,97.4,48.7,76.34,68.18340000000003
14800.0,9,9,3840.44,426.71555555555557,499.3,739.6913000000012
14803.0,62,3,845.55,281.84999999999997,0.0,667.1575000000001
14805.0,213,1,109.25,109.25,445.4,319.8696000000005
14808.0,44,6,1846.31,307.7183333333333,894.86,877.2852000000006
14810.0,3,10,1869.33,186.933,218.55,549.8884000000007
14813.0,269,2,155.43,77.715,0.0,17.122700000000002
14816.0,97,1,271.85,271.85,0.0,455.16570000000024
14817.0,100,2,1110.34,555.17,0.0,78.86540000000004
14818.0,69,2,409.63,204.815,248.17000000000002,228.7728999999996
14819.0,92,1,84.72,84.72,187.35,166.6715000000002
14820.0,73,1,139.77,139.77,367.52,98.33389999999997
14821.0,266,1,48.800000000000004,48.800000000000004,0.0,19.915
14823.0,80,3,321.43,107.14333333333333,0.0,47.01630000000001
14825.0,27,7,1339.3700000000001,191.33857142857144,887.54,825.0376000000001
14828.0,96,3,2139.76,713.2533333333334,0.0,304.30830000000003
14829.0,84,3,531.63,177.21,165.92,188.67079999999984
14834.0,20,2,429.3,214.65,1291.0,1026.2196999999996
14837.0,5,3,1345.56,448.52,303.94,265.2910999999997
14840.0,167,1,62.85,62.85,0.0,12.115
14841.0,79,4,2375.57,593.8925,920.19,1113.5868000000007
14842.0,91,2,1688.48,844.24,1136.21,412.6732
14844.0,23,3,2257.6800000000003,752.5600000000001,932.13,902.5376000000002
14847.0,48,1,309.4,309.4,0.0,357.13649999999996
14849.0,19,15,5025.25,335.01666666666665,2905.29,2768.0309000000016
14850.0,211,1,325.75,325.75,0.0,2.1018
14851.0,156,1,206.13,206.13,305.22,60.33910000000001
14852.0,40,4,1634.21,408.5525,1202.48,1097.6947999999993
14853.0,111,1,214.5,214.5,261.3,216.2946999999998
14854.0,33,6,2301.63,383.605,458.2,1275.4234
14855.0,19,2,645.65,322.825,0.0,122.38950000000004
14857.0,48,1,522.52,522.52,650.6,576.3658999999993
14859.0,104,1,296.86,296.86,1056.88,959.8344000000008
14862.0,48,1,304.09999999999997,304.09999999999997,537.1,405.1714999999996
14865.0,272,1,37.2,37.2,15.0,60.409
14866.0,5,4,1163.9,290.975,13226.0,9671.615200000002
14867.0,85,3,710.28,236.76,0.0,62.34439999999999
14868.0,20,4,1297.07,324.2675,1656.52,1199.9007000000006
14869.0,3,1,391.31,391.31,334.39,660.8309999999998
14870.0,161,1,327.25,327.25,0.0,97.0328
14871.0,78,3,354.75,118.25,167.63,196.30689999999998
14873.0,110,1,519.68,519.68,0.0,331.96240000000006
14875.0,7,2,1465.3200000000002,732.6600000000001,0.0,262.08150000000006
14878.0,73,6,1083.02,180.50333333333333,402.52,439.4496999999995
14880.0,85,2,363.27,181.635,342.92,307.7245999999995
14883.0,63,2,358.48,179.24,403.11,301.3477000000003
14885.0,31,1,765.3199999999999,765.3199999999999,0.0,249.51049999999995
14886.0,152,1,364.8,364.8,0.0,114.46789999999997
14888.0,107,1,369.2,369.2,0.0,112.8681
14889.0,236,1,135.9,135.9,0.0,3.4164
14890.0,153,1,125.65,125.65,0.0,48.43590000000001
14891.0,48,2,554.38,277.19,0.0,287.6056999999999
14895.0,10,10,6081.71,608.171,5057.0,2263.4887
14896.0,104,2,468.77000000000004,234.38500000000002,0.0,543.8168000000001
14897.0,196,1,175.5,175.5,1190.88,824.5401
14898.0,34,5,1011.3,202.26,292.22,300.93750000000017
14901.0,1,5,822.12,164.424,599.17,398.27139999999986
14903.0,24,4,2411.82,602.955,398.81,469.6265
14905.0,57,2,616.15,308.075,0.0,30.792799999999996
14907.0,47,4,1931.82,482.955,1569.28,1299.6641999999995
14911.0,5,106,74437.05,702.236320754717,69388.01,54158.61019999992
14912.0,146,1,482.78999999999996,482.78999999999996,385.06,249.58460000000022
14913.0,83,3,917.15,305.71666666666664,310.28000000000003,452.3412999999996
14915.0,177,1,142.28,142.28,165.20000000000002,451.8725000000002
14916.0,49,2,701.28,350.64,567.7,412.55020000000013
14918.0,15,2,1610.15,805.075,0.0,242.06190000000007
14920.0,112,2,977.77,488.885,0.0,182.2474999999999
14921.0,101,1,903.01,903.01,413.06,452.0597999999998
14924.0,145,1,310.05,310.05,0.0,51.688900000000004
14930.0,8,3,2372.86,790.9533333333334,0.0,263.7072999999998
14931.0,106,2,586.0,293.0,671.6800000000001,647.8162000000001
14932.0,265,1,363.53,363.53,0.0,206.15779999999998
14934.0,182,1,828.84,828.84,1062.1,881.9253000000001
14935.0,197,1,1784.71,1784.71,0.0,82.79860000000001
14936.0,8,3,5072.88,1690.96,3064.14,2475.242400000004
14937.0,30,1,759.56,759.56,862.3199999999999,654.0093999999997
14944.0,44,6,2507.73,417.955,3392.52,2663.6211999999978
14947.0,30,1,178.5,178.5,112.32,112.73249999999989
14948.0,9,3,556.87,185.62333333333333,545.1,384.49809999999957
14952.0,106,7,3534.61,504.94428571428574,4564.88,3102.545100000001
14957.0,153,1,58.49,58.49,0.0,72.49680000000004
14958.0,47,3,499.68,166.56,0.0,104.51010000000004
14959.0,9,3,537.32,179.10666666666668,158.1,149.99750000000012
14960.0,71,1,88.3,88.3,132.97,153.64819999999995
14961.0,54,6,3906.98,651.1633333333333,3137.7,2668.1047000000026
14962.0,170,1,126.7,126.7,0.0,68.08869999999997
14963.0,83,1,294.2,294.2,1193.6,980.9616000000008
14964.0,147,1,206.21,206.21,0.0,57.0276
14970.0,37,3,1119.75,373.25,472.31,594.3264999999997
14972.0,28,1,114.77,114.77,0.0,63.67430000000001
14973.0,7,3,1314.45,438.15000000000003,0.0,130.08479999999997
14976.0,1,4,559.96,139.99,230.9,197.5219
14978.0,135,4,1537.28,384.32,394.14,520.8237999999999
14981.0,146,1,102.12,102.12,0.0,28.359499999999997
14984.0,80,1,110.17999999999999,110.17999999999999,103.09,71.76450000000004
14985.0,98,2,296.75,148.375,0.0,147.555
14987.0,265,1,163.2,163.2,163.2,287.73220000000015
14988.0,111,1,334.54,334.54,0.0,147.32220000000004
14995.0,180,1,119.31,119.31,113.92,150.30500000000006
14997.0,78,1,155.28,155.28,390.91999999999996,230.78769999999997
14998.0,70,2,429.87,214.935,0.0,349.67679999999984
15002.0,15,4,1641.76,410.44,0.0,187.99019999999996
15004.0,47,1,1246.32,1246.32,0.0,260.20739999999995
15005.0,8,19,4327.08,227.74105263157895,1989.49,1901.986999999998
15007.0,59,1,156.91,156.91,0.0,95.47320000000002
15012.0,273,1,191.06,191.06,231.98,197.91219999999984
15014.0,76,1,117.72999999999999,117.72999999999999,142.44,147.87310000000008
15016.0,72,1,170.04,170.04,0.0,187.01140000000004
15018.0,152,2,291.34000000000003,145.67000000000002,204.87,123.43559999999997
15019.0,166,1,266.0,266.0,0.0,2.9148
15021.0,56,5,1119.08,223.81599999999997,795.74,727.6259
15023.0,16,8,5110.32,638.79,1692.44,1943.511700000001
15024.0,13,5,845.62,169.124,815.71,739.1136
15026.0,140,2,230.78,115.39,238.22,258.28420000000017
15027.0,68,3,966.9699999999999,322.3233333333333,99.18,512.0735000000005
15028.0,268,1,185.97,185.97,441.16,327.45449999999994
15030.0,168,1,152.76,152.76,365.52000000000004,265.6223000000002
15031.0,10,2,261.79,130.895,406.34999999999997,338.9355999999996
15032.0,156,3,4959.1,1653.0333333333335,0.0,390.8688000000002
15033.0,9,6,1629.1,271.51666666666665,957.57,906.5224000000011
15034.0,132,5,2664.83,532.966,1643.78,1365.6491999999998
15036.0,77,2,245.69,122.845,219.85999999999999,288.84810000000033
15038.0,87,4,517.45,129.3625,188.04,72.6769
15039.0,14,36,17631.71,489.7697222222222,2282.73,5139.585099999996
15041.0,70,1,180.35,180.35,0.0,35.9872
15042.0,99,1,135.93,135.93,0.0,20.8906
15044.0,36,13,5202.28,400.1753846153846,2497.95,2714.678500000003
15045.0,51,2,735.66,367.83,0.0,147.5696
15046.0,27,10,3863.33,386.33299999999997,1350.44,1677.7665000000009
15047.0,169,1,343.62,343.62,0.0,26.640500000000003
15048.0,16,3,324.53,108.17666666666666,59.52,94.89280000000016
15049.0,173,1,121.17000000000002,121.17000000000002,0.0,30.19120000000001
15051.0,50,1,377.74,377.74,1013.87,861.6143000000001
15052.0,219,1,215.78,215.78,0.0,30.4514
15053.0,56,2,478.6,239.3,219.19,146.37769999999998
15057.0,175,2,1489.5,744.75,0.0,212.76850000000002
15058.0,24,7,1245.66,177.95142857142858,879.33,886.7235000000011
15059.0,7,7,1008.6,144.0857142857143,329.12,439.36950000000024
15061.0,27,37,36575.0,988.5135135135135,17959.14,19060.38209999997
15062.0,117,3,814.04,271.34666666666664,173.82,182.5596999999999
15063.0,113,1,370.79999999999995,370.79999999999995,0.0,127.06979999999996
15065.0,64,3,2858.75,952.9166666666666,299.38,629.6905999999991
15067.0,182,1,848.05,848.05,896.71,678.6953999999996
15068.0,156,1,239.95999999999998,239.95999999999998,313.4,226.15770000000015
15069.0,79,1,1109.53,1109.53,0.0,181.4754
15070.0,272,1,106.2,106.2,0.0,80.80290000000002
15071.0,175,1,588.6700000000001,588.6700000000001,393.40000000000003,255.71000000000026
15073.0,85,2,861.96,430.98,181.45,239.76210000000032
15074.0,5,1,748.87,748.87,0.0,260.84259999999995
15076.0,72,1,880.85,880.85,0.0,849.6191999999999
15078.0,5,22,6702.59,304.66318181818184,3040.52,4689.738199999998
15079.0,112,4,895.61,223.9025,0.0,194.81050000000002
15081.0,108,2,248.05,124.025,256.75,297.3305
15083.0,156,1,88.2,88.2,0.0,52.8558
15087.0,181,1,306.94,306.94,0.0,92.04900000000002
15089.0,8,2,1677.23,838.615,743.61,802.3108000000002
15090.0,208,1,381.32,381.32,0.0,30.9606
15092.0,115,2,457.81,228.905,0.0,143.43670000000003
15093.0,16,5,4027.1,805.42,569.9200000000001,885.726599999999
15095.0,3,4,1370.6,342.65,0.0,366.9313000000002
15098.0,82,3,39916.5,13305.5,0.0,10849.386999999999
15100.0,233,3,876.0,292.0,0.0,121.97310000000002
15101.0,259,1,102.28,102.28,215.25,203.3138
15104.0,96,2,1027.44,513.72,0.0,293.3122000000001
15105.0,34,1,532.98,532.98,1765.95,1208.1896999999988
15106.0,41,3,1032.83,344.27666666666664,389.69,503.8650000000001
15107.0,211,6,319.5,53.25,0.0,85.82970000000002
15108.0,41,4,1300.25,325.0625,0.0,277.8559000000001
15109.0,145,1,484.95,484.95,0.0,98.38500000000002
15110.0,26,2,376.55,188.275,619.5500000000001,621.5251000000006
15111.0,272,1,288.5,288.5,1278.98,882.8182
15114.0,16,6,1354.01,225.66833333333332,1406.55,1100.4771000000014
15116.0,34,2,790.97,395.485,561.7800000000001,469.8486999999996
15117.0,20,2,675.73,337.865,876.0500000000001,363.5357
15118.0,34,1,244.8,244.8,0.0,40.75769999999999
15119.0,145,1,266.4,266.4,0.0,130.79029999999995
15120.0,33,1,358.82,358.82,0.0,25.3532
15121.0,188,1,295.15,295.15,162.57,122.50989999999989
15122.0,14,3,1633.78,544.5933333333334,0.0,324.631
15123.0,106,1,1069.47,1069.47,1129.84,916.9506999999986
15124.0,91,1,90.75,90.75,93.44,114.79060000000005
15125.0,13,12,10795.48,899.6233333333333,733.0,3552.7524999999996
15128.0,26,3,1170.24,390.08,300.76,448.47780000000034
15129.0,6,10,2796.73,279.673,650.67,1593.6181999999994
15130.0,69,1,330.11,330.11,0.0,120.3976
15132.0,5,3,842.23,280.74333333333334,135.70000000000002,241.97340000000023
15133.0,27,3,982.42,327.4733333333333,0.0,108.14850000000004
15134.0,27,4,614.86,153.715,773.13,577.4195999999995
15135.0,139,1,139.05,139.05,0.0,233.6986
15139.0,139,2,178.96,89.48,0.0,18.145899999999997
15140.0,15,5,1728.11,345.62199999999996,626.14,844.8462000000001
15143.0,125,1,259.45,259.45,0.0,149.84799999999996
15144.0,13,9,2968.94,329.88222222222225,3611.5,2528.8590999999988
15145.0,127,2,724.03,362.015,470.7,539.6332999999992
15146.0,64,2,1327.16,663.58,0.0,177.54719999999998
15147.0,140,1,623.5,623.5,0.0,32.1704
15149.0,33,1,520.8000000000001,520.8000000000001,0.0,332.5175000000001
15150.0,9,5,3569.62,713.924,1744.85,1028.769
15152.0,13,6,2383.21,397.20166666666665,2362.48,2146.1501000000017
15157.0,54,2,1505.37,752.685,430.70000000000005,323.83040000000034
15159.0,12,18,8969.97,498.33166666666665,9671.04,7714.803400000005
15160.0,257,1,158.16,158.16,0.0,41.752700000000004
15163.0,92,1,155.0,155.0,149.47,176.93869999999987
15164.0,108,2,368.18,184.09,474.87,508.9859000000002
15165.0,273,1,487.75,487.75,0.0,437.63739999999996
15167.0,220,1,163.0,163.0,0.0,333.9806
15171.0,231,1,1289.5,1289.5,0.0,430.6329
15172.0,35,3,886.74,295.58,737.31,363.84639999999985
15174.0,222,1,135.75,135.75,0.0,18.6824
15178.0,160,1,40.5,40.5,0.0,7.4502999999999995
15179.0,133,3,1455.12,485.03999999999996,751.83,685.5398
15180.0,267,1,87.5,87.5,0.0,82.46480000000001
15181.0,75,2,434.99999999999994,217.49999999999997,254.48,208.68259999999975
15182.0,54,2,622.85,311.425,0.0,35.69369999999999
15184.0,90,1,235.23000000000002,235.23000000000002,171.53,154.83820000000023
15186.0,68,1,229.26,229.26,182.15,229.3269000000003
15187.0,29,4,1552.04,388.01,3225.14,2248.855200000003
15189.0,6,28,11128.54,397.4478571428572,5096.85,7978.517900000001
15192.0,19,3,1044.32,348.1066666666666,0.0,202.01680000000005
15194.0,26,11,4469.53,406.3209090909091,3147.0,2720.4360999999994
15197.0,152,2,773.25,386.625,306.36,173.21509999999995
15198.0,24,1,107.64,107.64,86.0,97.43960000000001
15199.0,135,2,657.15,328.575,611.55,680.1399000000006
15201.0,26,4,933.26,233.315,303.28000000000003,293.12139999999977
15203.0,5,4,1328.32,332.08,499.48,649.6534000000012
15204.0,257,1,316.58,316.58,0.0,26.581499999999995
15205.0,27,1,476.29999999999995,476.29999999999995,176.94,216.90479999999997
15206.0,45,2,53.10000000000001,26.550000000000004,367.2,271.15660000000037
15208.0,63,2,323.52,161.76,546.6,506.3045999999994
15210.0,125,1,331.18,331.18,0.0,75.57130000000001
15211.0,265,1,383.07,383.07,511.34000000000003,487.4667999999994
15212.0,141,1,101.8,101.8,0.0,7.3870000000000005
15213.0,218,2,328.35,164.175,0.0,88.6177
15214.0,83,2,651.63,325.815,1009.8100000000001,761.0059999999993
15218.0,16,8,3865.35,483.16875,1891.54,1609.5985
15219.0,76,1,305.75,305.75,0.0,21.4681
15220.0,15,5,1284.05,256.81,494.91,577.0026000000012
15221.0,266,1,403.25,403.25,0.0,320.8068
15222.0,218,1,585.0,585.0,0.0,391.37769999999995
15223.0,125,2,755.75,377.875,0.0,470.0547999999997
15224.0,258,2,322.08,161.04,0.0,91.21440000000003
15225.0,134,1,409.40000000000003,409.40000000000003,0.0,26.692800000000002
15226.0,210,1,154.41,154.41,0.0,68.6752
15227.0,115,3,876.8199999999999,292.2733333333333,342.58,425.7265000000005
15228.0,29,3,2224.03,741.3433333333334,1162.68,974.0778999999998
15230.0,139,2,429.6,214.8,0.0,34.5079
15232.0,13,2,612.06,306.03,0.0,23.139300000000002
15234.0,176,1,197.0,197.0,0.0,220.08450000000008
15235.0,117,12,2247.51,187.29250000000002,0.0,1001.6554999999998
15236.0,198,1,321.05,321.05,0.0,67.09729999999999
15237.0,103,2,1093.65,546.825,318.67,478.37949999999984
15238.0,84,1,300.14,300.14,771.85,597.8129999999996
15240.0,91,3,1045.38,348.46000000000004,661.1899999999999,554.3970000000004
15241.0,27,6,1344.86,224.14333333333332,411.58000000000004,700.0561000000009
15244.0,148,1,297.94,297.94,333.63,336.0349000000003
15245.0,34,3,2515.84,838.6133333333333,0.0,534.8696000000001
15246.0,138,2,514.15,257.075,0.0,94.8909
15247.0,22,1,356.0,356.0,0.0,204.80120000000002
15249.0,7,10,5357.03,535.703,1331.43,1684.4510999999973
15251.0,6,7,7452.12,1064.5885714285714,3032.87,3050.6193000000017
15252.0,83,1,300.55,300.55,440.23,507.6353000000005
15253.0,69,1,173.85,173.85,744.35,470.6092999999995
15254.0,27,1,300.36,300.36,0.0,198.35609999999997
15256.0,48,1,98.45,98.45,0.0,86.1582
15257.0,183,1,317.15,317.15,0.0,7.160400000000001
15258.0,68,2,623.16,311.58,0.0,41.77459999999999
15260.0,0,7,1810.77,258.68142857142857,0.0,294.29580000000004
15261.0,35,1,254.82,254.82,0.0,15.4812
15262.0,223,1,178.95000000000002,178.95000000000002,0.0,86.56419999999999
15263.0,6,1,156.51,156.51,0.0,147.93039999999996
15265.0,51,2,1506.1200000000001,753.0600000000001,0.0,191.7044000000001
15266.0,238,1,119.3,119.3,0.0,144.27859999999998
15267.0,55,2,1407.76,703.88,309.6,454.42449999999945
15270.0,17,5,1850.29,370.058,529.2,587.3730999999992
15271.0,16,9,1372.34,152.48222222222222,1134.73,1094.3454999999997
15279.0,254,1,290.51,290.51,0.0,85.98190000000002
15280.0,72,1,113.12,113.12,0.0,47.79420000000002
15281.0,36,8,2191.78,273.9725,140.37,501.94210000000027
15288.0,55,4,2006.3600000000001,501.59000000000003,300.15999999999997,593.1502999999996
15289.0,37,2,697.98,348.99,241.8,340.4707999999997
15290.0,3,12,3392.5899999999997,282.7158333333333,4550.63,3533.5296000000008
15291.0,72,11,3306.27,300.57,1362.03,1324.1543999999994
15292.0,101,1,180.94,180.94,0.0,61.44469999999999
15296.0,9,5,2599.49,519.8979999999999,1073.37,1150.6744999999994
15298.0,42,6,2767.2,461.2,2032.7,2060.3067000000015
15299.0,64,5,3035.01,607.0020000000001,1472.0,1223.4918
15301.0,13,9,3747.8,416.4222222222222,1322.55,1275.9970000000021
15303.0,190,1,574.02,574.02,0.0,33.906
15304.0,64,6,491.90000000000003,81.98333333333333,202.5,264.3885999999999
15306.0,48,1,344.62,344.62,829.73,676.0196000000005
15308.0,174,1,310.47,310.47,0.0,130.18359999999998
15311.0,12,63,45131.27,716.369365079365,15636.63,16357.627399999974
15312.0,3,3,794.8,264.93333333333334,130.05,226.47759999999968
15313.0,10,1,52.0,52.0,0.0,6.4821
15314.0,99,1,327.97,327.97,0.0,162.66540000000003
15315.0,16,1,233.54,233.54,336.96,237.49649999999966
15316.0,226,1,165.0,165.0,0.0,142.84249999999997
15319.0,183,1,204.5,204.5,0.0,134.90519999999998
15321.0,191,1,1159.47,1159.47,1588.8400000000001,1558.1363999999987
15325.0,3,1,162.29,162.29,0.0,253.14479999999995
15326.0,233,1,311.71,311.71,0.0,36.283
15329.0,34,2,754.0,377.0,295.7,290.3150000000003
15332.0,266,4,1661.06,415.265,0.0,282.27
15333.0,108,1,1028.56,1028.56,0.0,220.64039999999997
15334.0,56,3,351.67,117.22333333333334,0.0,96.29409999999999
15339.0,218,1,257.9,257.9,316.17,255.27769999999964
15342.0,29,1,406.09,406.09,0.0,44.267399999999995
15346.0,232,1,252.42000000000002,252.42000000000002,0.0,19.990400000000005
15347.0,266,1,201.60000000000002,201.60000000000002,0.0,73.00180000000002
15349.0,58,2,473.81,236.905,0.0,99.24059999999996
15350.0,273,1,115.65,115.65,0.0,61.08050000000001
15351.0,269,1,274.67,274.67,1685.44,269.55559999999974
15353.0,154,2,777.02,388.51,0.0,190.12549999999996
15356.0,5,8,2279.64,284.955,486.86,897.0827000000002
15358.0,20,15,5639.81,375.98733333333337,2707.39,2695.019200000004
15361.0,261,1,418.92,418.92,0.0,70.2828
15363.0,272,1,326.0,326.0,0.0,107.49839999999996
15364.0,154,1,331.80000000000007,331.80000000000007,581.39,429.17589999999984
15365.0,215,1,208.61,208.61,2105.71,1267.6347000000014
15366.0,258,1,105.54,105.54,496.97,368.26810000000035
15367.0,145,2,1416.18,708.09,461.40999999999997,629.3598000000013
15370.0,41,4,1513.46,378.365,872.5899999999999,908.4876999999989
15372.0,37,1,2007.3999999999999,2007.3999999999999,0.0,159.58970000000002
15373.0,15,9,1686.9,187.43333333333334,729.01,896.3593
15374.0,28,1,168.0,168.0,0.0,18.132899999999996
15376.0,17,2,989.02,494.51,244.34,475.45839999999936
15379.0,69,7,3703.29,529.0414285714286,0.0,608.6690999999998
15380.0,41,2,582.5600000000001,291.28000000000003,1107.7,821.632399999999
15381.0,113,2,596.85,298.425,0.0,126.66040000000004
15382.0,84,4,2127.12,531.78,3828.59,802.3270000000006
15384.0,69,2,642.41,321.205,0.0,391.5576000000001
15386.0,86,1,394.14,394.14,0.0,64.46109999999999
15388.0,170,1,140.54,140.54,0.0,224.33460000000005
15389.0,72,1,500.0,500.0,0.0,91.725
15392.0,260,1,338.98,338.98,1196.55,790.145800000001
15393.0,181,1,124.10000000000001,124.10000000000001,107.76,113.3509000000001
15394.0,104,2,1436.44,718.22,747.1,724.7925999999997
15395.0,225,1,107.45,107.45,0.0,111.2583
15396.0,12,1,288.18,288.18,0.0,379.13209999999987
15397.0,189,1,94.0,94.0,0.0,19.6425
15400.0,13,4,611.2,152.8,105.0,131.35199999999998
15402.0,48,2,626.77,313.385,0.0,64.54119999999999
15405.0,89,1,349.1,349.1,0.0,169.10259999999982
15406.0,201,1,252.29,252.29,258.42,220.38839999999973
15407.0,83,3,740.73,246.91,315.71,119.0811
15408.0,164,1,267.18,267.18,0.0,29.148000000000003
15410.0,29,6,2702.67,450.445,748.1700000000001,1542.1081999999992
15411.0,24,2,382.21,191.105,976.67,765.0739999999992
15412.0,71,1,190.53,190.53,0.0,20.8648
15414.0,142,1,36.2,36.2,738.7,518.5827999999995
15415.0,213,1,572.8100000000001,572.8100000000001,0.0,102.07600000000001
15416.0,55,3,3144.33,1048.11,839.99,1029.136900000001
15421.0,115,3,739.36,246.45333333333335,211.0,319.20410000000004
15422.0,223,2,97.7,48.85,0.0,5.0962
15424.0,154,2,383.34,191.67,0.0,48.4913
15426.0,157,2,662.98,331.49,784.41,574.7859000000007
15433.0,113,2,533.3,266.65,0.0,197.7498
15434.0,7,3,587.28,195.76,454.20000000000005,459.48999999999955
15436.0,134,1,489.05,489.05,633.48,652.2432000000008
15437.0,162,1,200.16,200.16,0.0,46.063500000000005
15438.0,31,1,156.57999999999998,156.57999999999998,0.0,176.835
15440.0,36,2,237.66,118.83,146.02,247.04410000000018
15442.0,148,1,594.0,594.0,0.0,61.9786
15443.0,9,2,684.8,342.4,2552.11,1772.311399999998
15445.0,164,1,113.5,113.5,0.0,28.3204
15447.0,230,1,155.17,155.17,0.0,10.0774
15448.0,212,1,494.64,494.64,0.0,3867.6599
15449.0,85,2,647.7,323.85,326.82,607.0221999999999
15452.0,164,1,247.25,247.25,291.48,210.66999999999982
15453.0,31,3,485.01,161.67,903.36,643.1687000000002
15454.0,262,1,179.1,179.1,0.0,33.7089
15456.0,183,3,447.22,149.07333333333335,0.0,62.107800000000005
15457.0,162,1,237.07,237.07,0.0,156.48939999999996
15460.0,254,1,216.76,216.76,0.0,105.18559999999998
15462.0,43,2,169.8,84.9,64.8,56.12480000000008
15464.0,238,1,1048.85,1048.85,0.0,88.01170000000002
15465.0,38,15,5992.129999999999,399.47533333333325,1362.49,1889.8903
15467.0,45,2,402.56,201.28,122.32,86.71990000000001
15469.0,20,1,304.3,304.3,234.25,316.47310000000004
15472.0,13,1,371.56,371.56,0.0,87.09049999999999
15480.0,16,1,905.5,905.5,0.0,312.30319999999995
15482.0,65,4,2103.5,525.875,8951.46,693.3741999999999
15483.0,61,4,233.81,58.4525,0.0,47.240100000000005
15485.0,236,2,1278.63,639.315,1296.37,951.6221999999997
15489.0,111,1,348.26,348.26,786.02,588.8257999999992
15491.0,0,5,2800.9300000000003,560.186,299.16,747.0114000000011
15493.0,49,3,1318.75,439.5833333333333,683.05,704.2257000000011
15494.0,21,1,1127.38,1127.38,171.85,307.7356999999994
15497.0,219,1,970.6,970.6,291.6,187.3755
15498.0,20,19,9126.37,480.33526315789476,4190.03,5494.7146000000075
15502.0,23,5,5955.53,1191.106,4429.4,2263.852299999999
15503.0,262,1,147.09,147.09,0.0,32.542
15505.0,13,3,2091.14,697.0466666666666,1519.82,1325.7202000000023
15506.0,38,1,209.35,209.35,769.91,552.3848000000007
15507.0,71,1,492.36,492.36,0.0,151.5717
15508.0,89,6,1000.27,166.71166666666667,0.0,162.15240000000003
15510.0,230,1,250.0,250.0,0.0,14.269200000000001
15512.0,55,2,121.0,60.5,0.0,10.4777
15513.0,6,15,8928.87,595.258,5829.35,5961.292599999992
15514.0,125,6,2561.94,426.99,1577.52,1620.9248999999995
15517.0,133,1,267.03,267.03,0.0,95.0257
15518.0,24,7,1624.76,232.10857142857142,317.69,555.3286000000003
15521.0,48,5,2116.98,423.396,883.22,837.5025000000004
15525.0,273,1,313.93,313.93,511.99,318.55870000000044
15527.0,44,5,1330.79,266.158,1098.99,1150.7928000000015
15528.0,154,1,229.33,229.33,0.0,33.6989
15529.0,42,8,2399.08,299.885,1596.15,1300.8011999999983
15530.0,49,3,1168.73,389.57666666666665,333.62,536.8347000000006
15532.0,31,3,1225.79,408.59666666666664,355.14,368.47349999999983
15535.0,73,4,536.4,134.1,0.0,123.30399999999997
15537.0,63,1,110.92,110.92,0.0,161.74659999999992
15541.0,14,1,85.13000000000001,85.13000000000001,0.0,33.7624
15543.0,188,1,127.86,127.86,0.0,9.1313
15544.0,19,7,2772.37,396.05285714285714,774.34,1698.8163999999974
15545.0,271,1,135.32999999999998,135.32999999999998,157.39000000000001,146.11479999999983
15547.0,10,8,2770.71,346.33875,2184.13,2011.1655
15549.0,57,2,1631.68,815.84,61.58,436.1507000000005
15550.0,6,3,433.28,144.42666666666665,142.35,120.46970000000016
15552.0,117,1,90.12,90.12,0.0,4.7120999999999995
15554.0,177,1,217.2,217.2,0.0,36.56570000000001
15555.0,3,10,2819.94,281.994,1985.23,1873.131900000001
15561.0,49,3,449.66999999999996,149.89,350.92,319.08389999999946
15562.0,251,1,134.55,134.55,0.0,9.4434
15563.0,100,2,735.62,367.81,664.8199999999999,611.3990999999999
15569.0,3,5,1375.71,275.142,0.0,267.88469999999995
15570.0,41,9,2826.68,314.0755555555555,1338.84,1293.0942999999986
15572.0,9,4,1555.29,388.8225,997.57,1167.404500000001
15574.0,77,4,702.25,175.5625,0.0,353.0503000000002
15577.0,51,3,258.88,86.29333333333334,0.0,112.81899999999997
15578.0,62,1,127.1,127.1,0.0,215.71150000000006
15579.0,213,1,199.6,199.6,149.0,331.1006
15581.0,20,13,3679.9700000000003,283.0746153846154,0.0,811.9878000000003
15582.0,0,2,541.51,270.755,141.4,287.1961999999999
15584.0,62,1,154.65,154.65,570.46,404.2923999999997
15585.0,76,1,455.3,455.3,0.0,108.58689999999996
15587.0,42,2,456.84,228.42,456.84000000000003,388.86939999999964
15589.0,155,3,478.53000000000003,159.51000000000002,0.0,85.0985
15594.0,134,1,267.91,267.91,1503.87,70.49479999999998
15596.0,0,5,1406.59,281.318,0.0,304.96430000000004
15599.0,104,1,448.83,448.83,312.90999999999997,277.61310000000003
15601.0,22,11,5585.46,507.7690909090909,1191.1,1837.7288000000015
15602.0,100,5,542.95,108.59,754.92,273.52139999999997
15605.0,152,3,690.1800000000001,230.06000000000003,508.05,395.9476000000002
15606.0,19,8,2439.38,304.9225,480.78000000000003,832.5785999999996
15607.0,236,1,104.76,104.76,0.0,82.47490000000003
15608.0,20,1,285.68,285.68,808.0,570.5754
15609.0,84,1,298.48,298.48,0.0,671.1078999999995
15611.0,3,8,947.1400000000001,118.39250000000001,644.3100000000001,640.338199999999
15615.0,5,19,7367.85,387.7815789473684,3031.89,3416.4541000000045
15618.0,36,1,222.831,222.831,554.02,410.0613999999998
15620.0,120,2,875.01,437.505,678.17,665.0154999999991
15622.0,97,5,2602.0,520.4,1107.56,1269.1971999999992
15623.0,41,1,301.03,301.03,0.0,143.99620000000002
15624.0,16,4,588.13,147.0325,0.0,111.39669999999998
15625.0,3,4,1534.26,383.565,0.0,527.0928000000001
15626.0,229,1,281.88,281.88,393.92,297.5735999999996
15628.0,28,4,1313.55,328.3875,1556.69,785.6126999999998
15630.0,104,1,396.86,396.86,789.49,160.42980000000003
15632.0,21,6,2351.84,391.97333333333336,933.47,1718.8259000000005
15636.0,182,1,306.7,306.7,418.06,142.80329999999995
15639.0,34,1,425.32,425.32,0.0,84.527
15640.0,21,11,8919.34,810.8490909090909,3596.32,3824.017800000002
15641.0,5,4,1887.2,471.8,0.0,306.2436
15643.0,91,3,664.0,221.33333333333334,0.0,139.1154000000001
15644.0,66,4,813.0,203.25,0.0,168.1123
15646.0,57,3,447.64000000000004,149.21333333333334,0.0,83.57560000000001
15648.0,104,2,657.35,328.675,0.0,151.7513
15649.0,236,2,816.0,408.0,0.0,142.57009999999994
15651.0,160,1,227.32,227.32,418.98,323.07959999999974
15653.0,15,1,48.0,48.0,829.4399999999999,90.42999999999992
15655.0,143,1,560.67,560.67,0.0,3.2475
15656.0,78,3,563.63,187.87666666666667,184.87,351.2971
15658.0,90,5,1024.1000000000001,204.82000000000002,0.0,189.43890000000002
15660.0,35,6,884.34,147.39000000000001,716.52,618.5001999999992
15661.0,217,2,309.8,154.9,0.0,68.4046
15663.0,6,1,138.14,138.14,0.0,175.13139999999996
15665.0,68,2,2242.01,1121.005,0.0,438.4904000000001
15668.0,117,1,76.32000000000001,76.32000000000001,0.0,29.2409
15669.0,3,3,565.54,188.51333333333332,118.8,150.56829999999982
15670.0,196,1,173.05,173.05,0.0,249.74790000000007
15671.0,26,4,1334.49,333.6225,1322.64,1006.4559999999998
15673.0,56,3,2104.39,701.4633333333333,776.63,825.1262000000003
15674.0,113,4,1379.66,344.915,1066.94,992.2151000000008
15675.0,55,2,225.39,112.695,98.30000000000001,142.67939999999982
15676.0,183,1,897.8,897.8,2537.96,1670.1560000000004
15679.0,54,2,260.26,130.13,521.02,408.9534999999998
15680.0,266,1,478.89,478.89,854.79,584.3502000000004
15681.0,83,3,703.22,234.40666666666667,722.94,517.0118000000003
15683.0,17,1,193.75,193.75,0.0,100.75059999999999
15687.0,86,5,1679.45,335.89,1313.65,1294.0733999999984
15689.0,19,2,254.1,127.05,0.0,34.0896
15690.0,0,1,111.0,111.0,128.76,117.48429999999996
15691.0,152,1,136.8,136.8,0.0,12.4999
15694.0,76,9,3305.78,367.30888888888893,3173.62,1799.9605999999994
15695.0,166,2,409.98,204.99,0.0,185.57320000000007
15696.0,120,6,1637.9,272.98333333333335,1098.56,878.1339999999992
15700.0,72,2,696.68,348.34,0.0,206.19909999999996
15701.0,10,1,857.0,857.0,685.14,779.5559999999996
15703.0,164,1,211.5,211.5,0.0,50.63329999999999
15704.0,40,4,2293.62,573.405,0.0,413.5267000000003
15705.0,101,1,143.1,143.1,0.0,43.249
15706.0,16,1,450.05,450.05,610.51,564.1704000000004
15708.0,38,6,2700.43,450.07166666666666,663.8100000000001,1574.3849999999993
15709.0,183,1,133.25,133.25,0.0,22.136200000000002
15712.0,9,3,766.3100000000001,255.4366666666667,306.05,296.30229999999966
15713.0,43,2,356.7,178.35,0.0,80.85379999999999
15716.0,45,4,1118.81,279.7025,0.0,234.29100000000005
15717.0,134,1,150.3,150.3,0.0,62.762
15719.0,26,10,3553.5,355.35,1492.1100000000001,1678.4169999999983
15722.0,8,3,1424.8,474.93333333333334,797.7600000000001,706.5904000000003
15723.0,264,1,203.1,203.1,0.0,294.5483000000001
15724.0,101,2,218.25,109.125,0.0,0.0
15727.0,7,6,4609.29,768.215,569.67,998.2112999999989
15729.0,112,1,85.0,85.0,0.0,56.3423
15730.0,106,1,467.43,467.43,653.45,598.6301999999995
15732.0,112,2,294.12,147.06,0.0,292.9387
15733.0,182,1,162.3,162.3,0.0,54.42959999999999
15734.0,14,2,1339.45,669.725,0.0,273.7789
15737.0,47,5,897.9300000000001,179.586,307.19,412.9271999999999
15738.0,9,12,3558.4100000000003,296.5341666666667,1254.01,1508.5641999999996
15743.0,13,2,434.05,217.025,350.41,405.04240000000055
15745.0,136,1,302.85,302.85,791.74,307.9293000000001
15746.0,34,1,196.88,196.88,0.0,39.3793
15747.0,20,2,549.47,274.735,424.57,440.4201999999998
15749.0,135,3,44534.3,14844.766666666668,0.0,11377.204399999999
15750.0,70,4,1109.83,277.4575,1355.65,1092.0829999999987
15752.0,15,5,1623.63,324.726,1013.75,924.5547
15753.0,204,1,79.2,79.2,0.0,0.0
15754.0,146,1,91.8,91.8,366.77,242.70250000000016
15755.0,8,3,1144.83,381.60999999999996,1219.42,1132.4699999999996
15756.0,52,3,364.84,121.61333333333333,168.12,287.11229999999983
15757.0,117,1,261.36,261.36,453.06,363.75900000000024
15759.0,118,3,253.04,84.34666666666666,0.0,16.792700000000004
15764.0,7,5,3276.62,655.324,3.35,694.4257999999998
15768.0,15,3,621.8299999999999,207.27666666666664,0.0,41.2755
15769.0,1,19,41863.72,2203.3536842105264,14389.0,16174.451899999996
15775.0,145,1,104.9,104.9,0.0,32.3358
15776.0,33,1,241.62,241.62,0.0,79.8354
15777.0,141,4,1047.11,261.7775,0.0,358.5677999999999
15780.0,83,3,475.28000000000003,158.42666666666668,0.0,119.13369999999998
15781.0,37,2,211.3,105.65,134.16,135.6698999999999
15785.0,57,4,1665.83,416.4575,663.14,753.9852999999998
15786.0,14,1,3160.84,3160.84,1771.36,1621.1641999999995
15789.0,258,1,351.3,351.3,0.0,116.2676
15791.0,104,1,1223.24,1223.24,389.45000000000005,433.22039999999987
15793.0,168,1,306.64,306.64,658.97,476.3255000000006
15795.0,49,1,610.01,610.01,0.0,243.63970000000006
15796.0,9,5,1575.72,315.144,1135.8400000000001,927.4984999999986
15797.0,13,4,2207.4,551.85,0.0,1002.4673000000006
15799.0,85,2,481.24,240.62,402.90000000000003,374.98359999999957
15800.0,7,2,699.08,349.54,0.0,205.9766
15801.0,9,1,137.22,137.22,926.73,338.2862
15802.0,42,1,451.42,451.42,0.0,129.69740000000002
15804.0,8,4,2076.91,519.2275,2129.48,740.5233000000001
15805.0,6,11,3568.0,324.3636363636364,1960.48,1965.5650000000026
15806.0,57,2,521.88,260.94,262.7,275.1260000000004
15808.0,206,4,3734.9700000000003,933.7425000000001,0.0,635.4728
15809.0,84,4,399.21,99.8025,116.56,135.7631
15810.0,70,3,1361.19,453.73,30.79,321.11280000000045
15811.0,5,5,1773.8,354.76,444.82,718.1780000000003
15812.0,7,5,1801.14,360.228,0.0,592.5794000000002
15813.0,107,2,1303.9099999999999,651.9549999999999,0.0,111.57440000000001
15815.0,40,4,1874.7,468.675,225.9,999.1414000000001
15819.0,31,3,1585.47,528.49,319.98,522.6384000000005
15820.0,219,1,206.98,206.98,0.0,79.9753
15822.0,259,1,440.2,440.2,445.27,364.69840000000005
15823.0,272,1,15.0,15.0,0.0,109.46800000000005
15825.0,72,1,532.94,532.94,0.0,297.4399000000001
15826.0,110,1,720.0,720.0,934.3100000000001,889.5866999999995
15827.0,14,13,1598.16,122.93538461538462,237.93,497.10090000000014
15829.0,40,1,325.44,325.44,310.7,688.1946000000005
15831.0,24,2,451.11,225.555,350.65,387.05980000000056
15832.0,154,1,836.79,836.79,0.0,315.7806
15834.0,65,3,1791.82,597.2733333333333,441.93,763.3714999999997
15835.0,37,3,675.51,225.17,278.58,292.69590000000045
15838.0,8,12,14153.5,1179.4583333333333,19489.58,9840.243699999994
15839.0,48,1,299.18,299.18,749.31,539.7136999999996
15840.0,72,1,241.74,241.74,113.82,326.1813999999999
15841.0,118,2,613.26,306.63,610.8000000000001,400.9761000000001
15843.0,203,1,118.95000000000002,118.95000000000002,0.0,91.52740000000003
15845.0,44,5,2526.76,505.35200000000003,1185.01,1745.0820999999996
15847.0,188,1,180.68,180.68,208.59,143.5130000000001
15850.0,68,1,118.88,118.88,119.97,241.44180000000028
15852.0,86,2,160.71,80.355,0.0,4.0941
15854.0,40,9,2393.69,265.96555555555557,580.96,824.1831000000004
15855.0,36,5,712.24,142.448,0.0,121.65359999999998
15856.0,0,15,10098.45,673.23,6289.12,5475.5621999999985
15858.0,189,2,816.22,408.11,622.63,491.5824999999994
15860.0,24,5,654.28,130.856,322.93,455.78569999999985
15861.0,34,3,1130.0,376.6666666666667,2035.36,1463.9417999999994
15862.0,12,3,659.73,219.91,173.15,313.82500000000033
15863.0,92,1,9.2,9.2,59.64,67.40640000000006
15864.0,77,2,414.26,207.13,1522.0600000000002,1087.918599999999
15865.0,113,1,313.93,313.93,581.2,443.2220999999997
15866.0,1,1,230.53,230.53,0.0,239.6302
15867.0,13,12,2949.91,245.82583333333332,862.73,1082.8147999999997
15869.0,177,2,149.64,74.82,0.0,36.739200000000004
15874.0,77,6,2207.75,367.9583333333333,2198.13,1750.5419000000015
15880.0,269,1,343.28000000000003,343.28000000000003,0.0,134.72539999999995
15881.0,212,5,501.39000000000004,100.278,0.0,536.4019999999999
15882.0,98,4,516.36,129.09,0.0,38.1606
15885.0,209,1,15.0,15.0,364.35,266.77939999999967
15889.0,56,2,446.87,223.435,0.0,82.66150000000002
15891.0,126,1,524.52,524.52,0.0,120.5187
15894.0,153,2,263.55,131.775,0.0,66.77029999999999
15895.0,49,1,179.17,179.17,0.0,120.63050000000007
15897.0,94,2,222.05,111.025,0.0,57.08430000000001
15898.0,126,4,1002.99,250.7475,385.89,346.1055999999998
15899.0,268,1,56.25,56.25,0.0,25.670400000000008
15901.0,54,1,110.49,110.49,253.39,199.45929999999987
15903.0,127,2,641.6400000000001,320.82000000000005,4485.12,3270.7759999999976
15906.0,44,4,797.71,199.4275,769.98,581.3424000000009
15907.0,76,2,529.52,264.76,437.93,383.09390000000013
15909.0,73,1,191.94,191.94,0.0,7.804200000000001
15910.0,107,4,550.61,137.6525,681.57,518.053
15912.0,78,2,264.62,132.31,0.0,335.8973999999999
15916.0,91,5,848.53,169.706,679.5600000000001,724.0647999999995
15917.0,147,1,123.1,123.1,0.0,146.2944
15918.0,90,2,334.23,167.115,0.0,120.15879999999999
15919.0,268,1,270.72,270.72,369.17,287.94019999999955
15920.0,54,4,167.5,41.875,0.0,42.4881
15921.0,72,1,336.03000000000003,336.03000000000003,0.0,28.4273
15922.0,273,1,369.5,369.5,0.0,140.38649999999998
15923.0,272,1,127.08,127.08,0.0,121.75630000000001
15925.0,94,1,207.15,207.15,0.0,32.8797
15932.0,7,6,1885.95,314.325,609.92,601.5398999999993
15935.0,139,2,416.86,208.43,0.0,102.59960000000002
15938.0,12,5,404.58,80.916,0.0,31.726599999999998
15939.0,7,14,5860.25,418.5892857142857,254.76,2586.944600000001
15940.0,211,1,35.8,35.8,0.0,129.42250000000004
15942.0,33,1,337.44,337.44,0.0,137.2777
15944.0,176,1,325.1,325.1,0.0,28.2042
15945.0,265,1,181.0,181.0,0.0,9.4695
15950.0,6,2,1091.38,545.69,674.13,847.2069000000007
15951.0,185,1,375.16999999999996,375.16999999999996,333.05,370.23619999999994
15952.0,59,2,327.8,163.9,478.77,453.94629999999955
15953.0,111,4,826.14,206.535,833.24,657.9788999999997
15955.0,6,8,2463.65,307.95625,1952.6100000000001,1662.098699999998
15965.0,267,1,156.19,156.19,689.45,480.2170999999996
15967.0,218,1,173.8,173.8,245.03,246.0229999999999
15969.0,85,1,308.7,308.7,357.4,306.62060000000025
15970.0,203,1,314.1,314.1,0.0,37.0295
15971.0,8,7,2109.45,301.34999999999997,2090.4,1810.294599999998
15973.0,266,1,307.82000000000005,307.82000000000005,0.0,58.176000000000016
15974.0,33,5,2547.13,509.42600000000004,895.02,1096.3532000000007
15976.0,65,2,430.94,215.47,0.0,124.35730000000004
15980.0,154,1,760.18,760.18,1638.68,1104.6129999999982
15981.0,37,6,2458.2,409.7,950.28,1783.9226999999987
15983.0,260,3,1148.27,382.75666666666666,326.75,349.30009999999993
15984.0,0,7,1848.76,264.10857142857145,988.91,796.5738000000014
15985.0,23,2,1142.42,571.21,0.0,246.84309999999996
15987.0,20,6,1206.42,201.07000000000002,244.86,516.9902000000003
15990.0,187,1,401.37,401.37,390.74,282.5187000000005
15996.0,16,5,907.86,181.572,152.82,402.7099999999997
15998.0,71,3,2112.06,704.02,977.91,912.2494000000017
16003.0,34,3,1793.9,597.9666666666667,941.47,922.8049000000005
16005.0,82,2,298.08,149.04,317.31,294.65440000000024
16006.0,111,1,101.4,101.4,0.0,2.0888
16007.0,80,2,733.45,366.725,968.49,696.1532999999997
16008.0,104,1,139.15,139.15,339.63,224.16560000000004
16009.0,59,1,462.19,462.19,530.52,480.50189999999947
16010.0,145,3,407.5,135.83333333333334,0.0,31.566399999999998
16011.0,19,10,1725.28,172.528,1637.43,1441.0750999999977
16012.0,28,2,1132.12,566.06,283.17,327.69169999999997
16013.0,9,34,21587.739999999998,634.9335294117647,15542.86,11880.477000000003
16014.0,52,2,529.9300000000001,264.96500000000003,132.45000000000002,208.72740000000024
16016.0,96,4,817.57,204.3925,691.19,645.4027000000007
16018.0,80,1,161.9,161.9,247.0,213.4553000000001
16019.0,36,7,2952.25,421.75,833.99,1196.6251000000013
16022.0,160,1,628.28,628.28,0.0,191.0965
16023.0,92,2,500.69,250.345,219.12,220.2656
16027.0,37,5,776.22,155.244,158.4,281.5668000000004
16029.0,7,46,52387.24,1138.8530434782608,28637.6,30865.762800000037
16030.0,209,1,331.24,331.24,0.0,56.578199999999995
16031.0,147,1,305.63,305.63,243.31,258.4436000000001
16033.0,8,16,5878.3,367.39375,2938.1,2738.8948000000014
16034.0,96,3,437.7,145.9,0.0,29.7046
16036.0,163,1,188.73,188.73,570.19,395.5563
16037.0,169,3,855.02,285.00666666666666,0.0,579.9706000000001
16038.0,77,2,393.33,196.665,78.45,351.9042000000003
16040.0,48,2,876.1800000000001,438.09000000000003,437.37,558.3272000000003
16041.0,41,2,2739.8,1369.9,426.6,664.7327999999997
16042.0,7,2,460.28,230.14,736.99,537.7861999999998
16043.0,111,3,676.49,225.49666666666667,97.5,251.31660000000008
16045.0,19,4,1340.7,335.175,0.0,306.4972000000001
16048.0,273,2,256.44,128.22,0.0,97.9577
16050.0,73,1,137.9,137.9,0.0,73.65190000000001
16053.0,22,1,1124.19,1124.19,387.76,306.73909999999944
16054.0,45,1,783.9,783.9,0.0,154.3688
16055.0,120,1,134.8,134.8,0.0,21.7504
16057.0,111,3,1059.54,353.18,1203.58,405.85540000000003
16059.0,63,4,951.3000000000001,237.82500000000002,508.56,452.03749999999985
16062.0,33,3,778.14,259.38,375.48,441.4082000000003
16063.0,160,1,335.32,335.32,0.0,112.19199999999996
16065.0,265,1,372.09,372.09,0.0,366.02230000000003
16066.0,24,1,316.38,316.38,1205.49,436.40530000000007
16072.0,188,1,584.3199999999999,584.3199999999999,0.0,209.13410000000007
16073.0,197,1,122.39999999999999,122.39999999999999,0.0,17.2313
16076.0,20,3,887.8000000000001,295.93333333333334,1346.93,967.8890999999984
16078.0,183,1,79.2,79.2,0.0,29.006600000000013
16080.0,174,1,130.26,130.26,86.9,77.61879999999991
16081.0,85,3,992.37,330.79,1814.53,1384.8162999999997
16083.0,0,2,1317.62,658.81,0.0,155.1843
16084.0,199,1,436.18,436.18,0.0,187.1582
16085.0,136,2,325.04,162.52,656.47,574.2677999999997
16086.0,100,3,587.0600000000001,195.6866666666667,534.33,484.3773000000009
16091.0,54,2,315.06,157.53,0.0,168.3231
16092.0,14,3,817.86,272.62,0.0,86.61930000000002
16093.0,6,1,17.0,17.0,0.0,6679.946200000001
16094.0,119,1,252.1,252.1,826.13,242.79200000000012
16096.0,164,1,320.62,320.62,0.0,27.726999999999997
16097.0,140,1,185.04999999999998,185.04999999999998,0.0,32.0318
16098.0,28,6,1712.49,285.415,293.14,549.1378999999995
16099.0,37,2,592.1,296.05,139.8,132.57649999999984
16102.0,28,1,839.76,839.76,1002.38,541.8501999999999
16103.0,57,4,1156.4,289.1,273.24,2108.4354000000003
16105.0,148,1,336.96,336.96,0.0,144.25629999999992
16107.0,3,3,1494.1200000000001,498.04,1710.04,1324.3305999999989
16109.0,118,2,611.88,305.94,0.0,100.0608
16110.0,162,2,693.93,346.965,643.55,518.0427000000007
16112.0,43,4,195.73999999999998,48.934999999999995,0.0,52.2932
16113.0,83,1,161.38,161.38,0.0,85.3643
16114.0,70,1,135.75000000000003,135.75000000000003,0.0,10.6667
16115.0,17,5,931.68,186.33599999999998,736.29,377.6913999999999
16116.0,111,1,612.78,612.78,0.0,142.8012
16117.0,89,1,232.21,232.21,0.0,78.4489
16121.0,115,1,287.89,287.89,579.22,809.5098000000007
16122.0,12,3,550.26,183.42,134.16000000000003,222.26689999999985
16124.0,217,1,249.0,249.0,0.0,80.0697
16125.0,267,1,289.35,289.35,0.0,234.6093999999999
16126.0,1,3,3706.7000000000003,1235.5666666666668,2581.07,2142.4766000000036
16128.0,43,2,694.7,347.35,1185.52,969.9341999999998
16131.0,15,4,2278.5,569.625,1228.04,1041.6121999999993
16133.0,1,23,10619.27,461.7073913043478,3969.77,4767.148400000005
16134.0,259,1,283.53000000000003,283.53000000000003,334.56,289.99460000000033
16135.0,162,1,517.55,517.55,0.0,267.4408
16136.0,177,1,159.3,159.3,550.08,381.4896000000005
16139.0,12,2,306.37,153.185,329.04,350.68220000000025
16140.0,271,1,124.14,124.14,601.04,420.1172000000004
16142.0,149,1,535.34,535.34,0.0,17.6595
16143.0,8,5,1949.3600000000001,389.872,475.58000000000004,456.3634000000007
16144.0,146,1,175.2,175.2,0.0,259.51880000000006
16145.0,23,7,2282.3,326.04285714285714,1517.19,1502.060200000001
16146.0,57,3,734.13,244.71,0.0,102.73980000000002
16147.0,33,1,375.0,375.0,0.0,204.1794
16148.0,196,1,76.32000000000001,76.32000000000001,0.0,10.565
16149.0,42,1,163.68,163.68,116.84,268.73949999999985
16150.0,28,3,1408.7,469.56666666666666,644.32,622.4685000000001
16152.0,168,1,1829.04,1829.04,0.0,143.55149999999998
16153.0,15,4,1023.54,255.885,800.69,681.2168000000006
16156.0,51,5,1445.17,289.034,1676.8700000000001,1409.8017999999988
16159.0,181,1,348.2,348.2,0.0,33.3959
16161.0,40,12,3063.7,255.3083333333333,2511.86,979.2438000000003
16162.0,152,1,37.4,37.4,0.0,104.7386
16163.0,132,2,856.6,428.3,0.0,509.10499999999973
16168.0,3,16,2361.2,147.575,1426.4,1351.6143999999983
16170.0,12,5,1560.6599999999999,312.13199999999995,324.39,511.31749999999965
16172.0,30,3,800.35,266.78333333333336,339.86,304.88190000000014
16174.0,26,3,1009.5500000000001,336.5166666666667,0.0,68.7256
16175.0,69,3,736.89,245.63,300.7,216.82030000000023
16178.0,38,1,197.9,197.9,0.0,61.778399999999976
16180.0,0,8,10254.18,1281.7725,0.0,1687.0738999999999
16182.0,30,3,4844.0,1614.6666666666667,1773.65,1915.244899999998
16184.0,5,5,985.8000000000001,197.16000000000003,172.99,293.56620000000026
16185.0,132,1,335.0,335.0,194.41,136.06979999999996
16186.0,3,9,2696.53,299.6144444444445,1310.41,1467.8557000000012
16187.0,13,10,4601.32,460.13199999999995,2310.12,2029.5084999999972
16188.0,41,3,755.03,251.67666666666665,226.83,236.7384000000004
16191.0,162,8,2615.68,326.96,2564.84,1922.6376999999982
16193.0,136,1,314.45,314.45,0.0,76.41999999999999
16200.0,64,1,550.57,550.57,530.05,510.25200000000063
16201.0,9,1,303.8,303.8,1559.67,1266.5182999999986
16202.0,260,1,365.27,365.27,0.0,224.9361
16203.0,47,3,378.3,126.10000000000001,214.6,425.3463999999994
16205.0,79,1,112.35,112.35,649.03,40.45069999999998
16206.0,24,3,409.86,136.62,127.19999999999999,161.46840000000017
16208.0,189,1,497.59,497.59,166.67,227.04959999999954
16209.0,19,4,2116.9,529.225,145.72,418.4964000000003
16210.0,16,10,10904.08,1090.408,10182.22,7022.896499999989
16212.0,183,1,498.15000000000003,498.15000000000003,192.19,240.3095999999996
16214.0,70,3,1062.75,354.25,0.0,196.94510000000002
16216.0,167,1,914.9300000000001,914.9300000000001,0.0,137.52569999999997
16217.0,135,2,304.25,152.125,0.0,20.4795
16218.0,14,6,2635.48,439.24666666666667,449.2,972.1591999999989
16221.0,175,2,315.37,157.685,549.49,396.9932000000001
16222.0,218,1,846.72,846.72,0.0,259.06719999999996
16224.0,41,3,865.88,288.62666666666667,429.42,488.3354999999992
16225.0,49,4,953.64,238.41,142.68,234.24960000000013
16226.0,103,3,255.12,85.04,0.0,7.619000000000001
16227.0,125,1,314.22,314.22,0.0,70.94799999999998
16229.0,112,1,358.2,358.2,652.4,587.3162000000007
16230.0,89,2,542.03,271.015,0.0,267.7264
16232.0,43,3,725.04,241.67999999999998,265.84,243.18950000000012
16233.0,229,2,326.5,163.25,210.18,176.05020000000007
16235.0,86,3,665.29,221.76333333333332,202.01999999999998,218.32010000000017
16239.0,89,1,347.9,347.9,66.3,102.28779999999999
16241.0,14,8,1507.8700000000001,188.48375000000001,1100.0,1011.5224000000001
16242.0,65,3,846.59,282.19666666666666,2756.62,1839.8950999999984
16244.0,111,2,1522.75,761.375,0.0,69.6194
16245.0,21,2,769.7,384.85,643.96,620.9950999999996
16247.0,70,1,114.56,114.56,0.0,65.64899999999999
16249.0,12,4,1440.77,360.1925,359.3,393.3505
16250.0,161,2,389.44,194.72,0.0,109.0416
16253.0,155,1,1700.4,1700.4,1983.46,1328.621700000002
16255.0,31,6,1797.75,299.625,822.16,772.283100000001
16256.0,166,1,752.4300000000001,752.4300000000001,0.0,223.94069999999996
16257.0,76,1,46.95,46.95,0.0,18.554699999999997
16258.0,27,4,3741.06,935.265,1462.45,1639.813400000001
16261.0,13,2,418.38,209.19,328.45,434.12489999999985
16265.0,10,7,4062.02,580.2885714285715,1384.98,1428.6756000000003
16266.0,15,6,761.12,126.85333333333334,100.77,240.44210000000004
16270.0,253,1,1141.24,1141.24,0.0,237.73649999999998
16271.0,26,3,893.03,297.6766666666667,536.21,502.12219999999957
16272.0,16,1,411.7,411.7,0.0,88.61640000000001
16274.0,273,1,357.95,357.95,0.0,30.966899999999995
16275.0,96,1,559.87,559.87,0.0,225.475
16276.0,76,1,810.6000000000001,810.6000000000001,0.0,158.44199999999998
16278.0,0,1,566.38,566.38,0.0,103.33630000000001
16279.0,76,1,359.08000000000004,359.08000000000004,1150.5,127.90569999999998
16282.0,239,1,168.3,168.3,0.0,68.95299999999999
16283.0,20,3,586.35,195.45000000000002,984.46,727.1659999999997
16287.0,69,1,142.5,142.5,0.0,109.21270000000003
16292.0,21,1,302.25,302.25,0.0,139.7347
16293.0,107,4,1129.74,282.435,1119.25,968.2923999999999
16297.0,168,1,301.9,301.9,0.0,242.7171
16298.0,86,1,114.3,114.3,483.90000000000003,334.8265000000003
16302.0,26,1,233.22,233.22,0.0,96.4095
16303.0,15,2,4036.33,2018.165,1324.3,1409.820600000001
16305.0,38,1,361.21999999999997,361.21999999999997,0.0,143.64859999999996
16306.0,113,6,632.27,105.37833333333333,0.0,87.2484
16308.0,7,3,1600.0,533.3333333333334,960.0,924.3990000000001
16309.0,6,2,706.57,353.285,0.0,96.29800000000002
16315.0,230,1,226.37,226.37,0.0,7.5698
16316.0,57,7,2212.81,316.11571428571426,726.1,980.6140000000013
16317.0,19,3,1341.65,447.2166666666667,0.0,173.3059
16319.0,117,1,404.40000000000003,404.40000000000003,0.0,15.385299999999999
16320.0,72,2,1038.46,519.23,0.0,117.51780000000001
16321.0,205,3,223.65,74.55,150.0,134.8368
16323.0,96,1,207.50000000000003,207.50000000000003,0.0,52.5709
16324.0,28,3,428.68,142.89333333333335,0.0,82.0689
16325.0,55,2,416.02000000000004,208.01000000000002,178.22,222.60940000000014
16326.0,17,7,1224.92,174.98857142857145,1886.04,1442.457299999999
16327.0,99,4,2469.64,617.41,1374.58,1407.8336000000002
16330.0,12,2,48.96,24.48,202.95,171.8612000000002
16332.0,30,3,659.27,219.75666666666666,933.93,720.5976999999998
16333.0,23,17,14369.2,845.2470588235294,12257.6,11176.68009999999
16338.0,57,1,214.79999999999998,214.79999999999998,0.0,95.30089999999998
16339.0,184,1,109.95,109.95,0.0,30.313099999999995
16340.0,7,1,549.07,549.07,0.0,94.1725
16341.0,101,1,797.65,797.65,1174.22,682.3373999999997
16342.0,7,3,283.71,94.57,38.7,80.17649999999995
16344.0,58,1,101.10000000000001,101.10000000000001,0.0,17.413999999999998
16348.0,28,4,775.14,193.785,694.31,578.6428999999996
16349.0,190,1,53.5,53.5,0.0,4.6646
16350.0,233,1,376.7,376.7,739.77,675.0453999999995
16351.0,232,1,153.9,153.9,0.0,20.116
16353.0,3,13,3325.9100000000003,255.8392307692308,3349.8,3031.6704999999974
16356.0,97,3,211.77,70.59,0.0,22.2998
16357.0,62,2,257.95,128.975,400.93,321.54890000000023
16358.0,84,1,462.15000000000003,462.15000000000003,1565.3500000000001,943.3372000000006
16359.0,76,6,1246.83,207.80499999999998,504.09000000000003,687.4258999999993
16364.0,37,1,347.55,347.55,359.49,336.1937000000005
16365.0,23,7,862.56,123.22285714285714,677.8599999999999,527.6046000000002
16367.0,262,1,170.91,170.91,633.58,80.82140000000001
16369.0,96,1,354.45,354.45,1199.21,901.1612000000007
16370.0,17,3,953.11,317.7033333333333,367.45,301.44310000000024
16374.0,162,1,156.3,156.3,316.73,245.15709999999984
16377.0,167,1,676.2,676.2,0.0,74.07600000000001
16378.0,147,3,362.95,120.98333333333333,0.0,93.39480000000002
16383.0,168,1,309.46,309.46,358.90000000000003,295.4977000000003
16384.0,163,1,409.1,409.1,175.4,138.1018999999999
16385.0,58,2,274.85,137.425,281.04,286.8868000000004
16386.0,153,1,61.10000000000001,61.10000000000001,256.1,160.67700000000013
16387.0,222,1,94.36,94.36,0.0,11.9915
16389.0,105,2,670.17,335.085,711.9,528.1887000000006
16392.0,169,1,221.19,221.19,0.0,65.3984
16393.0,42,8,1506.63,188.32875,1539.58,1267.4878000000008
16394.0,71,3,933.1,311.03333333333336,622.24,525.8686999999998
16395.0,68,3,967.25,322.4166666666667,519.65,512.0735000000005
16398.0,54,2,1705.8,852.9,0.0,427.69149999999996
16399.0,135,1,178.41,178.41,230.16,174.62509999999992
16401.0,31,7,2455.42,350.7742857142857,1642.8999999999999,1630.0906999999986
16402.0,164,2,299.6,149.8,0.0,123.46939999999996
16403.0,212,1,177.5,177.5,0.0,149.8871
16405.0,202,2,167.25,83.625,0.0,159.46340000000004
16407.0,10,8,1529.62,191.2025,597.31,924.943
16409.0,50,3,1039.27,346.42333333333335,989.61,782.0009000000005
16411.0,269,1,131.5,131.5,83.15,173.36979999999997
16414.0,180,1,50.8,50.8,75.45,10.176400000000001
16418.0,126,1,145.91,145.91,529.36,395.1078000000003
16419.0,12,6,972.23,162.03833333333333,0.0,215.22140000000002
16422.0,7,38,28566.72,751.7557894736842,6117.68,8265.509200000008
16424.0,91,1,133.56,133.56,0.0,9.6669
16425.0,202,1,302.7,302.7,0.0,19.1942
16426.0,176,1,328.37,328.37,1579.88,5.8139
16427.0,163,2,241.06,120.53,0.0,199.18890000000002
16429.0,6,1,284.55,284.55,0.0,553.9563999999998
16431.0,113,3,642.81,214.26999999999998,0.0,408.3445
16434.0,92,3,724.22,241.40666666666667,798.03,550.7112999999995
16440.0,114,1,272.46,272.46,3368.21,2352.833299999999
16441.0,191,1,211.0,211.0,170.2,130.48580000000013
16442.0,127,2,437.03,218.515,179.76,234.17089999999985
16444.0,94,2,240.08,120.04,414.59,328.10820000000007
16446.0,105,1,2.9,2.9,168469.6,124676.60249999983
16447.0,35,1,259.01,259.01,0.0,17.2992
16448.0,98,1,188.89000000000001,188.89000000000001,0.0,226.4361000000003
16449.0,97,2,707.69,353.845,0.0,491.62039999999985
16450.0,49,1,311.92,311.92,0.0,271.50880000000006
16455.0,104,5,1133.78,226.756,707.4,677.6736000000003
16456.0,3,4,1700.77,425.1925,457.6,476.55809999999946
16457.0,118,1,208.36,208.36,0.0,252.69160000000022
16458.0,6,11,2151.5,195.5909090909091,1331.24,1233.9326000000015
16461.0,77,1,151.42,151.42,0.0,163.81299999999996
16462.0,85,2,68.0,34.0,68.0,78.85540000000003
16463.0,104,1,319.37,319.37,1103.03,804.4024999999997
16464.0,42,1,385.0,385.0,929.68,627.7811
16466.0,3,5,1002.1800000000001,200.436,601.28,469.33569999999946
16469.0,146,2,276.88,138.44,373.55,255.5963999999997
16470.0,15,3,539.13,179.71,223.26,77.04720000000002
16471.0,174,1,223.95000000000002,223.95000000000002,0.0,114.48249999999999
16473.0,64,3,316.11,105.37,0.0,114.62390000000003
16474.0,45,1,355.57,355.57,1515.93,1081.8093999999985
16475.0,43,3,459.3,153.1,85.0,302.3020999999997
16477.0,31,6,1999.26,333.21,495.2,728.7942999999997
16483.0,92,1,139.35,139.35,0.0,46.193900000000006
16484.0,73,2,404.3,202.15,0.0,93.0082
16488.0,14,2,354.57,177.285,144.23000000000002,114.8450999999998
16493.0,73,3,782.29,260.7633333333333,569.34,380.1213
16494.0,196,1,826.53,826.53,0.0,266.6727000000001
16495.0,176,2,246.51,123.255,437.9,428.68630000000064
16496.0,107,2,1185.04,592.52,414.48,701.5278000000008
16497.0,103,5,1550.7,310.14,1414.99,968.0167999999998
16498.0,61,2,100.97,50.485,0.0,15.518699999999994
16499.0,260,2,365.45,182.725,0.0,118.87580000000001
16500.0,230,1,165.0,165.0,235.86,173.54800000000012
16503.0,6,4,1431.93,357.9825,0.0,265.2781000000001
16509.0,196,1,363.7,363.7,0.0,154.81060000000002
16510.0,272,1,248.1,248.1,0.0,35.569500000000005
16511.0,44,2,582.7,291.35,367.56,552.1516999999994
16515.0,50,3,987.61,329.2033333333333,639.52,694.3909999999993
16517.0,177,1,162.7,162.7,0.0,99.42530000000002
16518.0,184,1,190.7,190.7,293.62,252.8950999999999
16519.0,265,1,103.7,103.7,111.38,131.31399999999985
16520.0,86,3,1046.57,348.8566666666666,0.0,286.7003999999999
16523.0,15,12,4768.25,397.3541666666667,4650.22,3697.601599999997
16525.0,17,20,9998.55,499.92749999999995,3028.9,4406.103400000008
16526.0,71,1,290.36,290.36,0.0,97.12900000000002
16529.0,90,1,455.25,455.25,0.0,63.41580000000001
16531.0,27,4,684.53,171.1325,560.06,542.5674999999995
16532.0,35,2,4516.8,2258.4,2232.0,2142.8266999999996
16536.0,10,1,548.97,548.97,0.0,132.8592
16539.0,119,3,1053.61,351.2033333333333,335.2,368.2844000000001
16545.0,64,1,339.3,339.3,0.0,19.9983
16546.0,190,2,787.15,393.575,0.0,176.43099999999998
16549.0,24,2,781.52,390.76,3373.12,2054.1969999999974
16550.0,8,5,2298.97,459.794,0.0,549.2220000000002
16551.0,30,2,617.17,308.585,304.95,25.2563
16552.0,142,2,379.73,189.865,0.0,69.4787
16553.0,63,12,5719.82,476.65166666666664,0.0,1073.3123
16554.0,122,2,314.11,157.055,522.99,485.93809999999974
16555.0,9,1,151.98,151.98,133.91,495.0947000000006
16556.0,5,6,2556.37,426.06166666666667,757.42,1401.9833999999994
16557.0,37,1,101.15,101.15,180.7,64.49960000000004
16558.0,21,13,4362.4,335.5692307692307,3976.09,3282.6018999999997
16560.0,258,1,332.18,332.18,509.23,228.43979999999993
16565.0,264,1,173.7,173.7,0.0,9.6519
16566.0,70,3,463.88,154.62666666666667,150.78,279.3016999999998
16567.0,94,2,865.6,432.8,0.0,396.69049999999993
16570.0,27,6,2134.07,355.67833333333334,1604.33,1077.8576999999998
16571.0,76,2,896.79,448.395,524.9,439.2523000000006
16572.0,27,3,1009.6,336.53333333333336,0.0,61.8983
16573.0,190,1,292.63,292.63,370.98,293.94689999999974
16581.0,82,1,105.84,105.84,0.0,26.352699999999995
16582.0,13,1,313.62,313.62,0.0,84.49600000000001
16583.0,273,1,233.45,233.45,0.0,94.7025
16584.0,154,1,611.94,611.94,324.14,135.8536
16586.0,148,1,463.95,463.95,0.0,19.5664
16587.0,132,1,225.15,225.15,0.0,120.10699999999999
16589.0,6,2,214.68,107.34,244.56,210.45150000000012
16592.0,36,10,2214.33,221.433,1899.3500000000001,1475.1691000000014
16593.0,89,2,255.5,127.75,74.53,54.700499999999984
16596.0,266,1,120.65,120.65,129.5,102.9877
16598.0,185,1,145.04999999999998,145.04999999999998,0.0,24.7953
16600.0,153,2,237.46,118.73,576.06,471.9020999999995
16607.0,28,10,2267.58,226.75799999999998,1080.1299999999999,1243.8834000000015
16609.0,35,5,2710.04,542.008,2783.42,2336.7186000000033
16610.0,119,1,75.66,75.66,0.0,13.059099999999999
16611.0,86,1,129.49,129.49,0.0,7.3443000000000005
16612.0,19,3,870.3000000000001,290.1,317.36,363.1073000000001
16614.0,82,1,506.19,506.19,0.0,567.7544999999998
16616.0,57,1,210.10000000000002,210.10000000000002,290.32,270.87739999999985
16617.0,135,1,151.85,151.85,0.0,38.398500000000006
16618.0,110,4,1441.29,360.3225,1206.3,1102.8017000000016
16619.0,163,1,226.21,226.21,0.0,26.6509
16620.0,160,1,95.75999999999999,95.75999999999999,83.2,76.79329999999993
16621.0,47,3,609.41,203.13666666666666,204.07000000000002,213.66369999999995
16623.0,145,1,129.45,129.45,0.0,78.17089999999999
16624.0,97,1,426.43,426.43,384.14,347.88659999999976
16625.0,174,1,333.08,333.08,0.0,109.09109999999997
16626.0,13,7,2165.34,309.3342857142857,2247.7599999999998,1846.579400000001
16628.0,6,4,1619.8400000000001,404.96000000000004,568.21,519.4305999999997
16633.0,14,3,1168.26,389.42,1714.8400000000001,640.5617000000002
16634.0,122,2,217.9,108.95,0.0,26.0695
16637.0,23,2,530.55,265.275,623.92,447.20289999999926
16638.0,6,8,1429.71,178.71375,251.01000000000002,920.9439000000001
16639.0,106,2,471.15000000000003,235.57500000000002,786.36,561.5317
16641.0,5,1,231.10000000000002,231.10000000000002,0.0,507.6686
16642.0,107,1,307.73,307.73,380.6,396.4284999999995
16643.0,145,1,487.51,487.51,0.0,317.69689999999997
16644.0,77,2,833.78,416.89,0.0,51.7681
16647.0,69,2,214.06,107.03,0.0,46.0732
16652.0,9,5,4525.87,905.174,2248.1,1848.777900000001
16654.0,41,4,601.27,150.3175,0.0,131.3417
16655.0,31,3,1868.89,622.9633333333334,1925.63,789.7333000000003
16656.0,20,10,6257.0,625.7,2368.8,2427.023799999998
16657.0,48,2,446.11,223.055,487.51,268.21009999999995
16658.0,268,1,123.24,123.24,0.0,166.3285
16659.0,89,1,39.12,39.12,0.0,13.2634
16660.0,110,2,384.36,192.18,883.29,671.4213000000002
16665.0,262,1,135.39999999999998,135.39999999999998,0.0,14.996600000000003
16667.0,184,1,203.35,203.35,366.78,310.1538999999997
16668.0,16,5,266.52,53.303999999999995,40.199999999999996,49.603399999999944
16670.0,6,8,3239.9700000000003,404.99625000000003,855.93,1154.4305999999983
16671.0,64,1,1382.88,1382.88,309.39,333.85279999999983
16672.0,12,16,6303.74,393.98375,1831.2,2527.425000000002
16676.0,113,3,1098.5,366.1666666666667,493.62,549.7851000000003
16678.0,19,7,1830.34,261.47714285714284,1279.6499999999999,1014.9622000000002
16679.0,266,1,129.75,129.75,0.0,71.80639999999997
16681.0,44,4,1332.68,333.17,437.65999999999997,599.5633000000013
16682.0,58,2,626.3,313.15,401.7,267.3585000000003
16684.0,33,18,33883.5,1882.4166666666667,32770.06,25970.83650000002
16686.0,3,5,2065.52,413.104,997.31,892.3071999999992
16690.0,101,1,86.5,86.5,139.07999999999998,136.8027
16692.0,156,2,1276.0,638.0,0.0,232.11479999999995
16693.0,171,1,157.56,157.56,324.45,291.88210000000043
16696.0,35,4,657.9000000000001,164.47500000000002,0.0,138.32910000000004
16697.0,141,1,112.75,112.75,0.0,3.3680000000000003
16698.0,126,2,1998.0,999.0,0.0,115.74820000000001
16700.0,21,10,4095.95,409.59499999999997,980.6,1280.909000000002
16701.0,29,10,4050.42,405.04200000000003,1347.8799999999999,1450.7831000000017
16705.0,44,9,8194.43,910.4922222222223,5840.56,3835.3664000000012
16706.0,14,1,291.53,291.53,239.82,287.75099999999986
16709.0,99,4,1984.5900000000001,496.14750000000004,1045.28,910.9403999999995
16710.0,38,7,1843.89,263.41285714285715,639.15,732.386
16711.0,40,3,909.87,303.29,741.16,417.08119999999997
16712.0,8,7,2017.06,288.15142857142854,1628.3700000000001,1337.4902999999988
16713.0,15,11,3970.77,360.9790909090909,2952.36,2376.4004999999956
16714.0,118,3,1161.53,387.1766666666667,0.0,1241.0574
16716.0,166,2,901.2,450.6,0.0,110.4302
16717.0,62,3,1136.16,378.72,2722.2200000000003,2005.7921000000001
16718.0,269,1,623.75,623.75,0.0,99.9809
16719.0,48,5,1286.43,257.286,503.99,648.2806999999999
16721.0,162,1,292.47,292.47,0.0,133.37939999999998
16722.0,6,9,3234.5,359.3888888888889,1496.31,1694.4094999999982
16723.0,7,1,424.15,424.15,165.0,263.2805999999999
16725.0,202,7,781.02,111.57428571428571,0.0,150.2911
16726.0,96,4,795.19,198.7975,586.83,592.6578000000009
16727.0,264,1,272.82,272.82,0.0,326.58989999999994
16728.0,66,3,550.0,183.33333333333334,504.67,367.89699999999937
16729.0,14,16,5016.45,313.528125,2223.47,2407.1853000000015
16730.0,134,2,480.94,240.47,262.17,269.96129999999965
16734.0,14,2,306.15999999999997,153.07999999999998,344.35,364.6363999999997
16735.0,139,2,1097.92,548.96,1202.64,74.67210000000001
16738.0,197,1,3.75,3.75,0.0,50557.99209999999
16739.0,76,1,323.0,323.0,0.0,276.5260999999998
16743.0,13,6,1885.8600000000001,314.31,352.23,659.1870999999999
16744.0,45,2,241.69,120.845,1063.07,776.1277000000005
16745.0,19,15,5910.93,394.062,1283.37,1799.1751999999988
16746.0,0,12,4421.08,368.42333333333335,2276.58,2233.648899999999
16748.0,117,3,910.2,303.40000000000003,605.7,534.7740999999996
16750.0,21,3,416.12,138.70666666666668,207.81,199.7999000000001
16752.0,272,1,207.5,207.5,0.0,74.0848
16754.0,272,1,2002.4,2002.4,0.0,242.22199999999998
16755.0,14,3,1496.83,498.9433333333333,0.0,1048.9453999999996
16756.0,114,1,239.4,239.4,0.0,386.034
16757.0,218,1,106.83000000000001,106.83000000000001,0.0,184.0178999999999
16762.0,44,1,314.15000000000003,314.15000000000003,1187.23,844.2441999999996
16763.0,98,1,611.85,611.85,0.0,357.617
16764.0,26,3,522.0600000000001,174.02,2277.19,1403.5345000000016
16765.0,194,1,34.0,34.0,0.0,46.2371
16766.0,173,2,1145.6,572.8,0.0,107.23270000000001
16767.0,13,6,4234.36,705.7266666666666,1346.24,1438.6452000000008
16768.0,3,2,286.49,143.245,191.6,306.1334999999997
16769.0,160,1,380.39,380.39,0.0,67.37339999999999
16770.0,136,4,656.48,164.12,113.62,313.3252999999998
16771.0,175,3,1655.95,551.9833333333333,590.86,699.2879000000003
16774.0,16,3,542.2,180.73333333333335,119.32,112.2407999999999
16775.0,22,8,1174.55,146.81875,521.11,736.8830000000005
16777.0,157,1,177.25,177.25,49.1,77.88130000000012
16778.0,174,1,93.18,93.18,152.76,109.50460000000008
16779.0,6,15,6394.7300000000005,426.31533333333334,4234.99,4083.670599999996
16780.0,0,2,425.19,212.595,0.0,303.0517000000001
16781.0,272,1,311.25,311.25,0.0,69.24659999999999
16782.0,38,9,1642.3500000000001,182.48333333333335,637.5500000000001,723.6297000000009
16788.0,23,2,597.48,298.74,0.0,88.7907
16791.0,22,5,800.27,160.054,921.51,833.2551999999995
16792.0,182,2,110.38000000000001,55.190000000000005,0.0,23.5258
16794.0,8,4,628.5,157.125,594.21,219.23279999999994
16795.0,265,1,414.88,414.88,0.0,176.52080000000007
16801.0,63,4,1619.73,404.9325,0.0,502.97059999999976
16804.0,170,1,118.05,118.05,418.94,255.0749999999998
16805.0,73,2,460.59,230.295,0.0,83.52239999999998
16806.0,3,4,801.49,200.3725,0.0,106.4892
16807.0,42,3,1121.59,373.8633333333333,0.0,197.59500000000003
16808.0,174,1,166.5,166.5,121.92,128.69070000000005
16809.0,36,3,470.69,156.89666666666668,444.0,392.15149999999994
16810.0,92,1,309.54,309.54,0.0,78.597
16812.0,260,1,479.35,479.35,0.0,137.74580000000003
16813.0,13,6,1062.18,177.03,630.8,551.5479000000007
16814.0,8,16,5206.69,325.418125,1302.41,1762.9343000000026
16816.0,3,4,417.06,104.265,0.0,191.22120000000012
16817.0,85,7,1179.43,168.49,425.32,853.7998000000001
16818.0,6,8,2102.4,262.8,1247.17,1194.1760999999992
16823.0,127,1,358.38,358.38,0.0,72.6348
16824.0,64,1,222.9,222.9,237.74,239.9267000000002
16825.0,85,1,318.7,318.7,456.48,379.01540000000006
16828.0,12,1,113.5,113.5,15.0,61.218100000000014
16829.0,56,1,197.22,197.22,0.0,70.09909999999996
16832.0,84,3,199.15,66.38333333333334,0.0,61.67149999999999
16833.0,159,3,671.29,223.76333333333332,435.24,402.60030000000023
16834.0,127,1,413.46,413.46,0.0,14.9481
16835.0,28,2,180.85,90.425,0.0,32.35110000000001
16836.0,16,1,91.32000000000001,91.32000000000001,160.55,123.19799999999991
16837.0,57,9,1911.74,212.41555555555556,1259.24,759.7828999999994
16838.0,97,2,588.85,294.425,0.0,467.7363
16839.0,9,22,10869.28,494.0581818181818,5725.07,5563.553000000003
16841.0,37,5,1561.06,312.212,308.76,516.7887000000001
16842.0,0,3,1264.19,421.3966666666667,0.0,132.24800000000002
16843.0,34,11,7371.6,670.1454545454545,2824.9700000000003,2728.430400000001
16849.0,86,1,124.57,124.57,0.0,54.65040000000001
16850.0,233,1,332.41,332.41,0.0,43.1743
16852.0,76,1,113.06,113.06,31.85,50.91460000000003
16858.0,268,1,375.69000000000005,375.69000000000005,0.0,422.5809000000001
16859.0,44,2,747.81,373.905,0.0,151.85050000000004
16861.0,58,1,70.80000000000001,70.80000000000001,102.96,91.24139999999993
16863.0,266,1,164.25,164.25,338.55,330.1944999999998
16866.0,40,3,207.73999999999998,69.24666666666666,0.0,16.6542
16869.0,65,2,387.68,193.84,437.74,308.94920000000036
16871.0,110,4,2037.82,509.455,774.52,689.7522999999992
16872.0,5,2,464.68000000000006,232.34000000000003,215.34000000000003,385.0590999999999
16873.0,27,4,3871.4700000000003,967.8675000000001,3252.15,2580.604899999998
16875.0,44,4,1138.2,284.55,957.33,746.2642000000009
16877.0,52,2,188.98,94.49,664.74,447.61240000000004
16880.0,26,5,856.91,171.382,662.17,563.3570999999994
16882.0,139,2,215.70000000000002,107.85000000000001,489.41999999999996,300.92839999999956
16883.0,87,2,276.73,138.365,0.0,63.73840000000002
16885.0,257,1,190.65,190.65,280.86,224.06840000000028
16889.0,94,3,1578.67,526.2233333333334,0.0,578.3156000000006
16891.0,41,2,437.92,218.96,371.78000000000003,339.27009999999973
16892.0,83,1,102.97999999999999,102.97999999999999,422.56,28.477700000000006
16893.0,266,1,145.93,145.93,0.0,151.94870000000003
16897.0,199,2,289.78,144.89,0.0,46.1092
16898.0,77,2,319.46999999999997,159.73499999999999,189.34,340.0041000000003
16899.0,49,3,510.18,170.06,771.38,630.7778999999992
16902.0,16,1,1706.88,1706.88,0.0,223.19650000000001
16904.0,8,13,3034.07,233.39000000000001,720.2,792.6261999999992
16905.0,136,3,853.93,284.6433333333333,2248.5,1510.8471999999997
16906.0,86,3,394.94,131.64666666666668,184.83,151.71209999999996
16907.0,48,4,711.88,177.97,269.77,324.3981000000003
16912.0,34,7,1558.38,222.6257142857143,1017.0,1004.2692999999999
16913.0,190,1,113.44,113.44,0.0,38.39479999999999
16915.0,27,4,382.39000000000004,95.59750000000001,239.29,179.67040000000026
16916.0,272,1,198.08,198.08,378.18,302.73460000000017
16917.0,176,1,391.52,391.52,0.0,43.7413
16918.0,59,2,523.03,261.515,545.79,281.58880000000016
16919.0,56,11,2596.45,236.04090909090908,0.0,401.1691000000002
16923.0,52,13,4398.54,338.34923076923076,2849.07,2866.531900000004
16926.0,271,1,230.25,230.25,0.0,65.35750000000002
16927.0,15,3,543.05,181.01666666666665,0.0,47.6765
16928.0,1,14,2204.25,157.44642857142858,643.3499999999999,871.1412000000005
16929.0,27,2,428.88,214.44,866.51,773.6890999999999
16931.0,3,14,2918.8,208.4857142857143,1685.42,1666.285400000001
16933.0,139,1,224.73,224.73,338.5,359.441
16938.0,79,3,2410.75,803.5833333333334,325.63,820.5360999999998
16940.0,69,2,1868.36,934.18,1181.52,556.8996
16942.0,36,7,1449.14,207.02,471.45,644.5364999999991
16943.0,111,3,816.73,272.24333333333334,0.0,118.23360000000002
16945.0,13,12,2705.21,225.43416666666667,1640.29,1320.4741999999997
16947.0,135,1,406.48,406.48,0.0,50.80480000000001
16948.0,38,3,435.02,145.00666666666666,0.0,49.947599999999994
16949.0,85,4,893.75,223.4375,392.52,439.4925999999996
16950.0,24,2,778.41,389.205,400.15,815.7653999999999
16951.0,34,3,1277.75,425.9166666666667,0.0,122.1725
16952.0,9,2,167.61,83.805,0.0,49.228600000000014
16954.0,24,4,1245.3799999999999,311.34499999999997,839.7,693.0339
16955.0,84,4,518.67,129.6675,0.0,51.227900000000005
16957.0,139,2,416.64,208.32,0.0,94.9709
16960.0,152,1,201.53,201.53,305.52,248.8390000000001
16961.0,16,1,234.17,234.17,0.0,234.12689999999967
16963.0,87,1,110.55000000000001,110.55000000000001,0.0,123.91919999999996
16965.0,126,1,201.19,201.19,0.0,120.68780000000002
16966.0,70,4,1486.56,371.64,668.41,741.5407000000015
16967.0,89,1,319.02,319.02,0.0,178.34069999999997
16968.0,7,1,253.31,253.31,186.12,149.3163000000002
16969.0,34,2,478.96000000000004,239.48000000000002,171.45,163.48000000000016
16976.0,167,1,251.51999999999998,251.51999999999998,0.0,114.26039999999995
16979.0,47,2,555.65,277.825,1296.35,788.2813999999998
16980.0,155,2,1078.96,539.48,0.0,70.70610000000002
16983.0,80,4,885.22,221.305,1046.03,807.1148999999995
16984.0,30,1,3226.13,3226.13,1255.22,1334.362000000001
16985.0,57,7,3578.54,511.21999999999997,1885.58,1938.6773999999982
16987.0,70,3,629.45,209.8166666666667,995.6,638.7244999999994
16989.0,50,1,857.7,857.7,275.54999999999995,340.4612999999997
16990.0,118,1,179.0,179.0,0.0,111.14120000000001
16992.0,99,2,671.15,335.575,943.1600000000001,453.0755000000004
16996.0,21,5,1041.78,208.356,415.18,427.22660000000013
16997.0,188,3,702.0,234.0,0.0,576.1936000000004
16998.0,49,4,295.0,73.75,0.0,108.31360000000002
17001.0,13,7,2471.09,353.0128571428572,1518.48,1649.9809
17002.0,115,2,993.52,496.76,500.21,409.7286999999995
17007.0,55,5,575.44,115.08800000000001,314.49,268.3106000000003
17015.0,85,1,524.5,524.5,1318.06,1005.3866999999995
17017.0,62,14,5431.28,387.9485714285714,3262.98,1245.6805000000004
17018.0,225,1,405.0,405.0,515.1,304.41939999999965
17019.0,161,3,995.93,331.97666666666663,276.68,351.26600000000013
17024.0,57,1,31.25,31.25,64.6,77.72530000000009
17025.0,273,2,160.97,80.485,196.8,11.616200000000001
17026.0,85,2,154.82999999999998,77.41499999999999,0.0,8.38
17027.0,79,4,655.88,163.97,234.41,242.82739999999995
17029.0,10,2,716.0,358.0,0.0,267.25790000000006
17031.0,54,1,225.95,225.95,154.4,184.8572999999999
17033.0,114,2,608.1,304.05,422.04,350.68320000000045
17034.0,187,1,141.79999999999998,141.79999999999998,603.72,427.6906000000004
17035.0,145,2,433.53000000000003,216.76500000000001,0.0,79.836
17040.0,37,1,449.73,449.73,0.0,137.966
17041.0,8,2,750.89,375.445,330.68,796.0480999999999
17042.0,21,4,922.8199999999999,230.70499999999998,121.56,313.97189999999983
17043.0,78,2,324.96999999999997,162.48499999999999,1410.21,929.4236000000008
17045.0,13,3,339.44,113.14666666666666,0.0,26.537
17046.0,57,1,642.02,642.02,0.0,429.9137999999999
17047.0,105,2,749.4300000000001,374.71500000000003,351.47,531.0854000000004
17048.0,17,3,925.35,308.45,0.0,138.82410000000004
17049.0,17,5,2606.65,521.33,3053.33,2384.628999999997
17050.0,87,5,2660.59,532.118,568.25,984.6852999999999
17051.0,94,1,247.14000000000001,247.14000000000001,0.0,13.2592
17053.0,30,1,498.48,498.48,0.0,133.29250000000005
17054.0,37,4,1207.32,301.83,149.01,304.73559999999964
17058.0,99,2,819.66,409.83,360.23,418.1910000000002
17059.0,10,4,2250.1,562.525,844.94,913.6876000000004
17060.0,166,1,234.24,234.24,0.0,194.51109999999997
17061.0,10,10,4658.83,465.883,573.4,1097.527499999998
17062.0,213,4,538.37,134.5925,0.0,92.23519999999999
17063.0,63,4,671.87,167.9675,789.27,595.5524999999991
17064.0,82,2,461.3,230.65,398.05,384.77259999999995
17068.0,10,15,3281.4900000000002,218.76600000000002,1270.65,1398.944499999998
17069.0,55,5,1495.79,299.158,1213.91,1120.3910000000014
17070.0,14,1,312.14,312.14,0.0,76.67099999999999
17071.0,34,6,1402.42,233.73666666666668,1026.6100000000001,892.6521000000002
17073.0,9,1,453.79,453.79,992.3,957.7822000000011
17075.0,153,3,696.07,232.02333333333334,138.05,320.8273999999996
17076.0,173,2,334.2,167.1,506.88,418.33029999999985
17080.0,169,1,76.32000000000001,76.32000000000001,211.29999999999998,150.0229999999998
17082.0,218,1,636.94,636.94,1366.91,940.4986000000011
17083.0,9,3,1405.78,468.5933333333333,0.0,678.2819000000003
17085.0,23,5,1566.65,313.33000000000004,0.0,224.17279999999994
17088.0,82,2,1399.1100000000001,699.5550000000001,591.9,899.3521999999991
17090.0,127,3,649.05,216.35,1394.9,1154.8269999999986
17091.0,85,5,1994.41,398.882,1833.3500000000001,1412.849200000001
17092.0,26,2,633.07,316.535,1144.71,276.9905999999999
17094.0,222,1,302.0,302.0,0.0,27.8294
17095.0,199,2,543.96,271.98,780.1999999999999,646.8961999999993
17096.0,43,2,443.94,221.97,578.19,318.8537999999999
17097.0,0,6,639.53,106.58833333333332,314.89,321.75129999999973
17101.0,78,1,230.57999999999998,230.57999999999998,1391.15,818.2597999999997
17102.0,161,1,25.5,25.5,0.0,39.71150000000001
17105.0,59,2,665.78,332.89,0.0,155.24800000000002
17107.0,55,3,6334.06,2111.3533333333335,4481.37,3691.660999999999
17109.0,132,2,464.59000000000003,232.29500000000002,420.45,449.96569999999963
17110.0,65,1,163.29999999999998,163.29999999999998,0.0,422.54729999999995
17114.0,38,6,603.59,100.59833333333334,205.03,358.89939999999956
17115.0,82,2,612.82,306.41,224.68,332.99510000000004
17117.0,188,1,116.19999999999999,116.19999999999999,0.0,49.382099999999994
17118.0,217,1,157.02,157.02,0.0,111.54269999999998
17120.0,133,1,307.46,307.46,0.0,22.3169
17122.0,19,1,138.32,138.32,0.0,188.9432
17123.0,61,1,345.29999999999995,345.29999999999995,0.0,42.8996
17124.0,85,1,298.89,298.89,0.0,554.4089999999998
17126.0,52,5,1004.75,200.95,0.0,124.10090000000004
17128.0,234,1,157.09,157.09,0.0,29.957900000000006
17133.0,90,3,2478.79,826.2633333333333,2413.4500000000003,1941.7397000000024
17134.0,6,2,425.0,212.5,0.0,133.5359
17135.0,189,2,500.55,250.275,639.18,695.4652999999998
17138.0,175,1,380.5,380.5,0.0,93.571
17139.0,22,7,6851.82,978.8314285714285,3816.65,3151.6603000000005
17140.0,147,1,465.32,465.32,0.0,29.226000000000003
17142.0,139,1,579.0,579.0,0.0,11.802
17146.0,5,3,749.78,249.92666666666665,0.0,129.21679999999995
17147.0,106,2,973.11,486.555,741.48,697.4845000000004
17152.0,94,3,1689.5,563.1666666666666,0.0,827.2018000000004
17155.0,77,1,143.3,143.3,108.39999999999999,64.09530000000001
17157.0,76,1,161.46,161.46,157.54000000000002,175.5965000000003
17158.0,132,2,698.55,349.275,568.42,494.6962999999998
17159.0,71,1,528.45,528.45,1010.43,774.1077999999994
17160.0,9,5,3001.18,600.236,516.85,609.6073999999992
17162.0,31,9,1463.66,162.6288888888889,251.8,358.3770999999997
17164.0,51,3,1270.42,423.47333333333336,1196.93,905.8375999999989
17165.0,184,1,158.68,158.68,0.0,193.74970000000005
17166.0,103,1,127.59,127.59,78.75,60.35650000000001
17169.0,83,1,308.68,308.68,527.1,427.73959999999954
17171.0,189,1,224.91,224.91,0.0,29.2746
17173.0,16,2,961.26,480.63,2805.34,2099.2438999999977
17174.0,117,1,59.9,59.9,0.0,12.689400000000001
17175.0,41,3,1132.6299999999999,377.5433333333333,311.06,600.8467999999999
17176.0,101,1,306.13,306.13,0.0,83.54509999999999
17179.0,78,3,711.79,237.26333333333332,0.0,213.90150000000003
17180.0,141,3,564.86,188.28666666666666,231.17,113.93649999999992
17181.0,273,1,155.52,155.52,84.39999999999999,66.12800000000001
17183.0,5,1,329.67,329.67,3017.64,2095.5643000000027
17187.0,126,1,203.95,203.95,0.0,118.5217
17188.0,64,5,1815.09,363.018,659.14,783.6614999999997
17189.0,6,2,384.40000000000003,192.20000000000002,0.0,216.0118
17190.0,107,1,195.0,195.0,249.74,218.39070000000018
17191.0,91,5,1175.7,235.14000000000001,919.4300000000001,846.4349999999988
17193.0,76,2,448.56000000000006,224.28000000000003,1250.74,181.7278999999999
17194.0,173,2,262.62,131.31,0.0,43.56249999999999
17198.0,265,2,521.66,260.83,170.56,487.32410000000016
17204.0,75,4,1564.56,391.14,0.0,405.39439999999996
17211.0,80,6,1464.89,244.14833333333334,852.33,913.0041000000008
17212.0,153,1,226.85,226.85,0.0,109.82889999999996
17213.0,41,5,1780.01,356.002,1001.22,964.1493000000005
17214.0,149,4,613.67,153.4175,455.45,353.56740000000013
17217.0,134,1,113.5,113.5,0.0,15.326400000000001
17218.0,114,5,948.58,189.716,1012.14,766.5595999999996
17220.0,26,8,2172.4,271.55,1025.85,1006.873100000001
17223.0,210,2,426.79,213.395,0.0,151.22360000000003
17226.0,208,1,393.49,393.49,0.0,33.3504
17227.0,72,3,473.75,157.91666666666666,465.57000000000005,349.19269999999983
17228.0,107,4,687.58,171.895,1218.51,577.1674000000002
17229.0,42,1,157.71,157.71,161.05,145.48959999999985
17230.0,164,8,3638.41,454.80125,0.0,674.0372
17231.0,26,7,1938.72,276.96,1235.6,956.4975000000004
17234.0,82,1,149.89000000000001,149.89000000000001,0.0,23.7704
17235.0,272,1,341.9,341.9,208.16,209.0005999999999
17236.0,79,5,697.73,139.546,218.4,307.4584000000004
17238.0,36,11,1959.92,178.17454545454547,1784.73,1503.6281999999994
17239.0,212,1,382.5,382.5,0.0,12.5111
17242.0,8,2,1135.04,567.52,0.0,700.9184999999993
17243.0,13,15,4012.67,267.5113333333333,4664.18,3495.521699999997
17245.0,104,1,171.45,171.45,0.0,94.41720000000004
17248.0,20,1,318.65,318.65,0.0,383.4619
17250.0,161,1,162.65,162.65,221.87,184.9335000000001
17251.0,262,1,283.28000000000003,283.28000000000003,0.0,187.4465
17252.0,16,2,353.86,176.93,0.0,137.01169999999988
17255.0,199,1,112.46,112.46,185.95,144.4389000000002
17256.0,7,2,240.0,120.0,0.0,136.89780000000002
17259.0,48,2,603.37,301.685,0.0,66.8444
17262.0,127,4,955.3600000000001,238.84000000000003,298.0,352.0703
17263.0,108,1,63.440000000000005,63.440000000000005,0.0,26.549799999999994
17265.0,38,2,562.9,281.45,0.0,193.30239999999998
17266.0,47,1,113.06,113.06,197.58,156.67879999999997
17267.0,27,2,317.62,158.81,0.0,184.04749999999996
17268.0,7,4,763.64,190.91,0.0,423.6208999999997
17272.0,99,2,1409.44,704.72,739.1899999999999,834.6414000000008
17277.0,127,2,1065.3500000000001,532.6750000000001,0.0,110.2096
17278.0,141,1,246.04,246.04,0.0,119.44899999999998
17282.0,30,3,1703.41,567.8033333333334,0.0,543.4935
17284.0,20,5,1494.1399999999999,298.828,158.44,378.1240999999998
17287.0,43,5,702.41,140.482,361.7,268.98790000000014
17288.0,107,5,663.7,132.74,756.03,613.7504999999996
17289.0,80,1,167.35999999999999,167.35999999999999,777.05,204.98299999999995
17291.0,208,1,550.8000000000001,550.8000000000001,0.0,112.92049999999999
17293.0,19,5,867.03,173.406,1008.08,796.3116000000008
17298.0,1,2,498.42,249.21,0.0,188.89840000000007
17299.0,0,2,268.19,134.095,400.91999999999996,353.09309999999954
17302.0,22,3,661.61,220.53666666666666,474.02,433.0949
17303.0,261,1,250.04,250.04,0.0,10.3829
17306.0,28,14,6123.32,437.38,2507.9900000000002,2522.237799999997
17311.0,216,1,556.46,556.46,828.39,629.5763999999996
17312.0,38,3,644.3,214.76666666666665,0.0,115.05890000000001
17314.0,48,5,1506.92,301.384,1021.0,1031.7401000000002
17315.0,0,30,4369.04,145.63466666666667,1923.22,2184.9562000000005
17320.0,0,3,1200.6200000000001,400.2066666666667,0.0,793.8849
17323.0,24,4,537.25,134.3125,383.82,343.40609999999987
17324.0,231,2,702.23,351.115,288.0,223.9878
17325.0,180,1,96.8,96.8,0.0,32.6198
17329.0,215,1,243.36,243.36,279.75,278.1196
17331.0,23,1,175.2,175.2,0.0,240.75740000000005
17334.0,202,2,307.02,153.51,0.0,100.6317
17337.0,51,4,2027.8700000000001,506.96750000000003,0.0,310.7948999999999
17338.0,14,7,5207.02,743.86,1436.91,1661.9396000000013
17339.0,265,1,60.0,60.0,183.36,105.94420000000004
17340.0,20,7,7593.65,1084.8071428571427,4759.64,1733.6751999999985
17341.0,56,3,781.36,260.4533333333333,0.0,239.67909999999995
17343.0,255,1,193.64,193.64,0.0,96.63770000000001
17345.0,96,2,128.33,64.165,409.40999999999997,225.07479999999995
17346.0,3,8,1266.21,158.27625,1410.35,1154.4686000000015
17348.0,197,1,160.15,160.15,999.37,763.3997000000003
17349.0,79,1,110.75,110.75,0.0,58.33590000000002
17351.0,69,2,427.3,213.65,159.85,230.81969999999976
17353.0,29,2,1740.0,870.0,0.0,473.09469999999993
17356.0,211,1,178.22,178.22,0.0,162.0818
17358.0,203,2,365.85,182.925,0.0,173.30269999999996
17360.0,84,1,330.95,330.95,254.84,217.03480000000008
17361.0,86,2,263.92,131.96,224.28,194.36700000000008
17362.0,139,2,312.23,156.115,0.0,210.56150000000005
17364.0,37,6,2633.81,438.9683333333333,1847.37,1268.9378999999994
17365.0,69,5,2371.01,474.20200000000006,2430.55,1987.2992999999976
17367.0,138,1,168.4,168.4,0.0,142.2274
17368.0,73,5,1614.87,322.974,297.8,430.0940000000002
17370.0,69,1,110.69999999999999,110.69999999999999,335.48,242.92939999999976
17371.0,261,1,97.63,97.63,326.26,219.56889999999984
17372.0,66,6,1061.13,176.85500000000002,281.55,307.96939999999967
17373.0,34,2,287.3,143.65,359.62,267.1408999999998
17374.0,118,2,495.77,247.885,0.0,625.8771999999999
17375.0,99,3,400.1,133.36666666666667,0.0,74.36799999999998
17376.0,211,1,105.85,105.85,97.35,111.49670000000013
17377.0,26,9,2045.38,227.26444444444445,2055.54,1746.1872000000003
17381.0,19,23,16875.65,733.7239130434783,3399.96,5531.616400000006
17384.0,119,1,227.65,227.65,108.75,229.45070000000007
17386.0,13,3,1541.4,513.8000000000001,1145.02,1013.8666999999998
17388.0,31,3,953.0300000000001,317.6766666666667,306.53000000000003,284.7193999999997
17389.0,21,24,8912.78,371.36583333333334,22920.899999999998,17910.931399999976
17391.0,63,2,508.8,254.4,0.0,72.80989999999998
17392.0,206,2,457.91,228.955,0.0,200.65060000000003
17394.0,119,1,203.86999999999998,203.86999999999998,0.0,162.0799
17396.0,48,6,4801.8,800.3000000000001,2529.0,2425.9046
17398.0,14,3,653.38,217.79333333333332,0.0,153.1684
17400.0,26,5,2129.96,425.992,0.0,327.1909000000001
17402.0,1,8,1732.45,216.55625,901.4,854.8495999999998
17404.0,23,10,21004.3,2100.43,10902.52,10385.213300000007
17405.0,50,1,393.31,393.31,638.1,641.1501999999994
17406.0,233,3,2200.42,733.4733333333334,0.0,243.15749999999997
17408.0,63,1,32.65,32.65,0.0,40.04779999999998
17409.0,84,2,771.85,385.925,0.0,169.28959999999998
17410.0,115,1,302.4,302.4,912.3199999999999,671.1698999999998
17411.0,161,1,285.58,285.58,493.36,440.66530000000023
17412.0,96,4,709.82,177.455,548.24,452.09970000000015
17414.0,84,1,598.0,598.0,180.0,803.9425000000001
17416.0,9,5,5294.49,1058.898,1598.93,2058.3890999999976
17418.0,223,1,167.39000000000001,167.39000000000001,296.07,245.86019999999985
17419.0,43,8,2660.0,332.5,1566.57,1643.5169999999987
17420.0,71,2,391.51,195.755,207.32,198.43689999999987
17422.0,42,4,1296.18,324.045,683.19,771.3058000000004
17423.0,117,1,449.42,449.42,248.99,205.6650000000001
17426.0,75,3,3279.23,1093.0766666666666,1758.03,1711.9977
17428.0,10,20,10661.09,533.0545,6595.76,5520.423500000005
17429.0,28,3,524.9200000000001,174.97333333333336,0.0,168.68809999999996
17430.0,265,1,112.6,112.6,153.16,135.98449999999994
17431.0,213,1,403.3,403.3,0.0,47.3225
17436.0,126,1,122.39999999999999,122.39999999999999,93.89999999999999,108.94179999999987
17438.0,153,1,388.45000000000005,388.45000000000005,0.0,15.3145
17440.0,56,3,186.42000000000002,62.14000000000001,0.0,13.847000000000001
17442.0,21,4,1590.45,397.6125,658.11,619.7077000000004
17443.0,119,1,534.24,534.24,0.0,99.5967
17444.0,47,3,2940.04,980.0133333333333,0.0,242.12009999999998
17446.0,76,2,120.9,60.45,0.0,15.619899999999998
17449.0,134,3,1322.69,440.8966666666667,1198.17,866.6017999999993
17450.0,8,22,85770.34,3898.651818181818,108780.45,52755.377700000034
17451.0,5,1,346.01,346.01,1375.39,1276.6556
17454.0,92,4,517.53,129.3825,0.0,27.975
17455.0,103,1,131.7,131.7,0.0,73.22180000000002
17456.0,265,1,249.86,249.86,0.0,25.983400000000003
17457.0,26,5,1737.7,347.54,0.0,342.0464
17460.0,125,5,462.58000000000004,92.516,159.85000000000002,167.5536000000001
17462.0,184,1,463.40999999999997,463.40999999999997,212.28,299.7942999999999
17463.0,76,3,1245.64,415.21333333333337,650.77,603.7862999999992
17464.0,58,1,289.96000000000004,289.96000000000004,0.0,93.68549999999999
17469.0,8,3,1050.27,350.09,820.7,698.4301999999993
17470.0,27,4,816.47,204.1175,308.6,324.41419999999954
17472.0,91,3,710.29,236.76333333333332,0.0,164.39220000000006
17483.0,34,2,274.74,137.37,139.3,197.86539999999985
17486.0,161,1,396.87,396.87,0.0,63.27749999999999
17489.0,112,1,208.56,208.56,168.07999999999998,270.1967000000002
17490.0,76,1,305.2,305.2,1787.12,25.579000000000004
17491.0,33,5,1660.31,332.062,1898.56,1409.934299999999
17492.0,148,1,374.57,374.57,0.0,73.79970000000002
17496.0,258,1,271.05,271.05,0.0,63.263700000000014
17499.0,189,1,622.88,622.88,0.0,17.5932
17501.0,120,2,288.6,144.3,0.0,36.6726
17504.0,106,9,2997.0299999999997,333.00333333333333,0.0,738.2312999999999
17505.0,61,2,1145.84,572.92,0.0,112.55760000000001
17507.0,161,2,605.58,302.79,0.0,227.62560000000002
17508.0,180,1,387.31,387.31,0.0,31.441000000000003
17511.0,14,20,56175.47,2808.7735000000002,34886.91,30315.30490000001
17512.0,21,8,1891.9,236.4875,1033.09,935.0171999999988
17514.0,28,1,208.65,208.65,0.0,148.08739999999997
17515.0,106,3,571.37,190.45666666666668,67.65,178.23939999999996
17516.0,19,4,608.85,152.2125,159.23,189.64589999999978
17517.0,208,1,153.94,153.94,0.0,63.0198
17519.0,33,5,1488.0,297.6,356.02,560.0955999999994
17521.0,99,1,159.56,159.56,563.65,460.3310000000005
17522.0,38,4,912.25,228.0625,158.45999999999998,208.6604999999997
17524.0,261,1,145.0,145.0,0.0,15.9793
17525.0,259,1,422.70000000000005,422.70000000000005,0.0,177.66020000000003
17526.0,190,3,872.8,290.93333333333334,323.1,408.64109999999965
17527.0,9,2,606.62,303.31,332.75,315.6385
17530.0,106,6,1367.86,227.97666666666666,1017.14,927.7446999999996
17531.0,90,1,296.7,296.7,0.0,715.1002999999997
17535.0,180,1,164.4,164.4,0.0,54.4347
17536.0,77,1,76.5,76.5,0.0,22.232799999999997
17537.0,203,1,630.7,630.7,266.92,273.0559999999996
17540.0,216,1,268.8,268.8,310.1,200.9985999999998
17542.0,169,1,170.75,170.75,0.0,109.94860000000003
17548.0,133,1,103.3,103.3,0.0,2.1525
17550.0,97,3,267.16,89.05333333333334,0.0,32.650299999999994
17551.0,259,1,306.84,306.84,0.0,58.763900000000014
17552.0,272,2,298.52,149.26,631.89,468.52179999999976
17553.0,29,1,1487.6,1487.6,0.0,126.45230000000001
17554.0,22,2,1249.89,624.945,702.5600000000001,645.6213999999995
17555.0,234,1,195.45,195.45,287.81,242.15840000000023
17556.0,105,1,157.9,157.9,0.0,126.66479999999997
17560.0,55,3,705.83,235.27666666666667,149.12,263.15389999999985
17562.0,9,4,661.1,165.275,461.28000000000003,494.9749999999995
17567.0,49,5,2335.05,467.01000000000005,1996.43,1846.991799999997
17569.0,232,1,344.14,344.14,0.0,172.23950000000002
17571.0,45,3,561.2,187.0666666666667,937.31,260.47389999999996
17572.0,138,2,152.20000000000002,76.10000000000001,74.55,16.4625
17574.0,142,1,185.65,185.65,0.0,12.8469
17576.0,6,13,2181.4,167.8,1441.28,1233.4620000000002
17578.0,118,1,143.45999999999998,143.45999999999998,0.0,128.09600000000003
17579.0,37,2,270.86,135.43,178.04,220.6420000000003
17580.0,152,3,215.72,71.90666666666667,0.0,160.08300000000006
17581.0,9,17,6522.29,383.66411764705884,4522.75,4215.914999999998
17582.0,136,1,175.27,175.27,0.0,105.6569
17584.0,27,1,749.45,749.45,492.85,418.2164999999994
17585.0,9,4,1133.07,283.2675,0.0,172.8298
17588.0,0,3,1240.2,413.40000000000003,0.0,132.68220000000002
17589.0,51,3,1843.07,614.3566666666667,561.1,641.9997999999993
17591.0,22,6,1863.17,310.52833333333336,362.8,540.6308000000004
17593.0,44,3,2263.52,754.5066666666667,1663.82,1370.051100000002
17594.0,154,1,315.0,315.0,678.18,213.74130000000002
17596.0,36,4,1738.73,434.6825,1089.2,1112.0163999999988
17597.0,113,1,2044.3700000000001,2044.3700000000001,0.0,698.5172999999999
17601.0,139,1,116.00999999999999,116.00999999999999,0.0,52.095499999999994
17602.0,24,2,909.5500000000001,454.77500000000003,4193.42,845.2784999999999
17604.0,117,2,309.36,154.68,0.0,130.4906
17609.0,202,2,537.6899999999999,268.84499999999997,574.53,561.9810999999994
17611.0,23,9,2724.25,302.69444444444446,1259.97,1221.788100000001
17612.0,12,4,1338.87,334.7175,709.58,569.174600000001
17613.0,17,9,2991.29,332.36555555555555,1567.8600000000001,1574.779999999999
17615.0,30,3,329.6,109.86666666666667,0.0,72.5625
17616.0,73,3,571.1999999999999,190.39999999999998,0.0,51.485600000000005
17618.0,148,2,666.78,333.39,304.8,319.9580999999998
17619.0,212,1,218.52,218.52,0.0,24.621600000000004
17621.0,212,2,901.78,450.89,478.12,368.9221
17624.0,118,1,400.3,400.3,443.18,12.9801
17625.0,40,2,1234.78,617.39,812.22,720.2740000000003
17629.0,20,5,798.38,159.676,1015.74,893.6874000000004
17630.0,69,2,503.59999999999997,251.79999999999998,0.0,95.7629
17631.0,37,2,416.5,208.25,111.83,189.81560000000013
17633.0,3,2,648.61,324.305,676.23,580.3674000000007
17634.0,22,6,1920.66,320.11,441.31,468.2348999999998
17637.0,15,1,338.95,338.95,208.11,218.9103000000002
17639.0,176,1,108.5,108.5,0.0,14.213400000000002
17642.0,19,2,712.29,356.145,0.0,129.0822
17643.0,273,1,101.55,101.55,0.0,10.305299999999999
17644.0,20,7,1625.63,232.23285714285717,1270.01,1017.4853999999992
17646.0,119,3,1008.39,336.13,0.0,274.37100000000004
17648.0,92,3,1107.39,369.13000000000005,690.11,631.9662000000002
17649.0,38,1,868.49,868.49,0.0,281.1423999999999
17651.0,55,4,1148.01,287.0025,2796.9900000000002,854.2656000000009
17652.0,44,6,2713.57,452.2616666666667,2154.15,2041.451899999998
17653.0,20,1,163.24,163.24,1044.32,659.1812999999999
17654.0,177,1,117.55,117.55,0.0,28.330099999999995
17655.0,16,5,1903.3300000000002,380.66600000000005,735.61,665.0608000000003
17656.0,6,3,927.65,309.21666666666664,747.04,498.0270000000004
17658.0,111,1,317.59999999999997,317.59999999999997,277.82,488.3094999999999
17659.0,0,9,1653.03,183.67,1346.43,996.206199999999
17660.0,41,1,196.0,196.0,0.0,35.772499999999994
17663.0,54,4,1016.53,254.1325,786.38,674.0168999999992
17664.0,112,1,326.19,326.19,278.45,292.1433000000004
17667.0,61,4,1751.01,437.7525,304.5,1276.8309999999997
17669.0,22,5,2433.22,486.64399999999995,973.5,1015.6765999999998
17670.0,127,1,205.7,205.7,0.0,31.1034
17671.0,57,3,1098.55,366.18333333333334,474.16,716.1080000000011
17672.0,209,1,1177.8400000000001,1177.8400000000001,2000.33,1599.368899999999
17673.0,62,4,1209.77,302.4425,419.35,657.8911999999993
17674.0,268,1,300.66,300.66,250.38,273.56899999999973
17675.0,1,23,14074.19,611.9213043478261,6300.09,7370.069499999997
17676.0,9,4,730.84,182.71,656.84,517.0822999999991
17677.0,0,20,11684.35,584.2175,4678.88,5158.836200000004
17678.0,163,1,298.11,298.11,0.0,40.56399999999999
17682.0,15,5,1899.3500000000001,379.87,574.98,582.6795000000009
17685.0,166,5,1512.72,302.544,1678.81,1273.763199999999
17686.0,20,5,4589.35,917.8700000000001,1150.1100000000001,1386.6998000000003
17690.0,1,11,3526.68,320.6072727272727,1231.27,1732.5216000000003
17691.0,258,2,290.40000000000003,145.20000000000002,0.0,83.50110000000001
17692.0,27,4,740.9399999999999,185.23499999999999,0.0,219.02740000000003
17693.0,37,1,200.47,200.47,0.0,75.98729999999999
17694.0,41,1,283.12,283.12,0.0,124.44070000000002
17695.0,31,2,765.34,382.67,0.0,140.91620000000003
17696.0,8,7,1915.5900000000001,273.6557142857143,370.12,744.0161999999999
17697.0,136,1,338.95,338.95,0.0,55.25550000000001
17698.0,160,1,154.95,154.95,0.0,47.61090000000001
17700.0,113,2,1125.57,562.785,1409.07,89.0404
17701.0,152,1,417.95,417.95,0.0,20.3725
17702.0,8,3,1338.77,446.25666666666666,485.6,223.45959999999997
17703.0,9,2,490.96,245.48,307.78,487.7814999999996
17704.0,68,2,885.19,442.595,0.0,217.16389999999996
17705.0,6,6,968.0,161.33333333333334,855.52,635.7165999999992
17706.0,0,12,8027.5,668.9583333333334,2476.9900000000002,4524.717500000001
17707.0,85,2,152.4,76.2,0.0,0.0
17708.0,87,2,267.08,133.54,0.0,43.82970000000001
17709.0,69,1,137.45,137.45,0.0,84.76700000000002
17711.0,189,1,220.53000000000003,220.53000000000003,164.57,124.89389999999995
17714.0,220,1,153.0,153.0,0.0,42.51340000000001
17715.0,100,1,326.4,326.4,0.0,200.6517
17716.0,23,4,3436.76,859.19,2219.23,2009.9737000000016
17718.0,132,1,139.35,139.35,0.0,172.13440000000006
17719.0,6,12,4477.4,373.1166666666666,918.64,1597.936800000001
17720.0,13,3,887.6,295.8666666666667,308.34,493.3626999999995
17722.0,89,3,2100.88,700.2933333333334,323.16,440.3353000000006
17723.0,27,6,3276.4000000000005,546.0666666666667,0.0,717.5506999999999
17724.0,38,1,373.1,373.1,659.9,591.8586000000006
17725.0,0,8,2507.12,313.39,931.9599999999999,1144.116400000002
17730.0,6,8,3055.77,381.97125,2242.71,1904.2213999999988
17731.0,28,3,963.74,321.24666666666667,276.37,368.26000000000016
17732.0,272,1,303.97,303.97,0.0,256.99759999999986
17733.0,161,1,216.95000000000002,216.95000000000002,475.24,307.7462000000004
17734.0,36,2,540.21,270.105,160.42,157.02620000000002
17735.0,8,15,10219.99,681.3326666666667,2890.03,4671.748000000002
17736.0,13,1,307.49,307.49,69.95,219.10060000000004
17738.0,48,3,1571.49,523.83,307.56,811.5539999999997
17739.0,96,3,1070.77,356.92333333333335,1720.58,1354.8344000000009
17742.0,13,2,355.11,177.555,0.0,52.51019999999997
17744.0,150,4,1288.96,322.24,1033.44,865.6657000000007
17746.0,140,1,110.25,110.25,0.0,26.172199999999997
17747.0,12,1,71.4,71.4,0.0,27.013
17749.0,78,2,674.52,337.26,0.0,79.982
17750.0,13,4,1079.72,269.93,717.85,392.74549999999994
17752.0,259,1,80.64,80.64,0.0,10.3848
17754.0,42,2,575.06,287.53,1197.2,646.4852999999994
17757.0,14,20,3320.4500000000003,166.0225,2284.84,1808.8476999999998
17758.0,52,4,1436.2,359.05,2020.5,596.1507000000003
17759.0,69,2,167.15,83.575,667.84,389.2911999999997
17760.0,273,1,172.54,172.54,115.05,111.95329999999993
17763.0,163,1,15.0,15.0,0.0,72.74390000000002
17764.0,111,1,261.97,261.97,556.85,479.56559999999945
17765.0,58,3,371.88,123.96,0.0,123.64870000000005
17768.0,66,1,411.33,411.33,1861.8500000000001,105.9384
17769.0,38,4,1828.73,457.1825,2169.25,1717.5525
17770.0,98,5,1143.27,228.654,0.0,250.21500000000003
17771.0,223,1,115.8,115.8,130.01,105.98279999999997
17774.0,45,3,989.87,329.95666666666665,235.54,657.3857999999996
17775.0,154,1,56.4,56.4,0.0,35.5366
17777.0,0,1,194.7,194.7,471.16,326.2783999999999
17779.0,43,1,323.09,323.09,335.48,830.4278999999995
17781.0,59,2,188.02,94.01,0.0,37.427
17783.0,147,1,112.41,112.41,171.06,55.784399999999984
17786.0,217,1,114.85,114.85,163.89,153.63119999999984
17787.0,52,4,1865.19,466.2975,0.0,420.8402
17788.0,29,1,16.7,16.7,1101.2,1319.5736999999995
17789.0,181,1,225.9,225.9,0.0,7.5316
17790.0,20,12,1363.51,113.62583333333333,602.04,665.5176000000002
17795.0,79,2,350.39,175.195,0.0,93.62350000000002
17796.0,213,3,622.0,207.33333333333334,75.9,105.93909999999988
17797.0,82,1,272.41,272.41,508.02,1333.0408000000016
17799.0,63,8,2144.2599999999998,268.03249999999997,911.67,830.4424999999991
17800.0,17,6,765.3,127.55,433.71000000000004,352.26879999999966
17802.0,80,2,632.4200000000001,316.21000000000004,652.62,575.1773000000009
17809.0,29,8,2856.71,357.08875,2555.2,2212.616300000002
17811.0,12,23,4681.26,203.53304347826088,3156.4700000000003,3022.263499999999
17812.0,268,1,217.54999999999998,217.54999999999998,514.61,394.1564000000002
17816.0,169,2,21.31,10.655,15.25,5309.984700000001
17817.0,177,2,269.7,134.85,117.97999999999999,93.79959999999983
17819.0,82,6,3468.47,578.0783333333333,236.39999999999998,1366.6577000000004
17827.0,142,4,1583.81,395.9525,411.65,508.8842000000006
17828.0,9,3,1076.66,358.8866666666667,743.43,973.3669999999988
17829.0,198,1,889.24,889.24,0.0,651.2481999999992
17830.0,161,2,287.65000000000003,143.82500000000002,111.05,111.86909999999995
17837.0,48,3,376.51,125.50333333333333,1216.8700000000001,919.5145999999997
17838.0,192,3,1687.7,562.5666666666667,1091.6,1022.5072000000014
17841.0,3,78,22365.04,286.73128205128205,18626.53,16836.02690000001
17843.0,203,1,205.48,205.48,0.0,95.61620000000002
17844.0,6,1,51.559999999999995,51.559999999999995,0.0,9.736699999999999
17848.0,28,8,821.5999999999999,102.69999999999999,79.6,641.6954999999997
17849.0,118,4,605.8000000000001,151.45000000000002,0.0,90.55680000000001
17850.0,272,34,5391.21,158.565,0.0,924.6375
17854.0,85,2,311.26,155.63,0.0,122.51559999999999
17855.0,272,1,208.97,208.97,0.0,187.17939999999996
17856.0,133,3,1142.63,380.8766666666667,275.4,371.6333000000005
17857.0,9,13,13692.92,1053.3015384615385,13186.12,11621.913500000002
17858.0,16,9,3656.25,406.25,1499.41,1411.5281000000011
17859.0,204,1,148.21,148.21,0.0,37.0133
17860.0,268,1,252.8,252.8,0.0,77.60849999999999
17861.0,36,5,1301.57,260.31399999999996,799.23,756.7319000000003
17862.0,223,1,330.9,330.9,0.0,0.0
17863.0,45,4,1785.28,446.32,1374.72,1314.3862000000001
17864.0,175,1,208.41,208.41,389.09000000000003,484.02849999999927
17865.0,7,12,7017.34,584.7783333333333,3508.98,3608.645299999999
17866.0,42,1,329.65,329.65,0.0,688.7091000000005
17867.0,43,4,957.48,239.37,239.62,367.96249999999986
17869.0,7,5,428.18,85.636,0.0,43.3955
17870.0,23,6,603.22,100.53666666666668,1291.13,869.9260000000002
17871.0,104,1,155.9,155.9,0.0,59.394700000000014
17873.0,84,4,1587.1200000000001,396.78000000000003,272.04,954.2829999999998
17874.0,85,6,683.46,113.91000000000001,0.0,123.275
17877.0,70,1,237.61,237.61,0.0,203.9355
17879.0,73,1,178.51999999999998,178.51999999999998,0.0,30.234500000000004
17880.0,264,1,458.92,458.92,0.0,113.13880000000005
17881.0,204,1,133.35000000000002,133.35000000000002,0.0,30.072400000000002
17883.0,146,1,119.35,119.35,552.42,408.32629999999926
17884.0,211,3,602.84,200.9466666666667,114.61,104.64639999999996
17886.0,110,2,396.26,198.13,503.35,518.4048999999994
17887.0,29,1,111.35,111.35,0.0,53.343199999999996
17888.0,61,4,307.05,76.7625,419.0,282.59630000000004
17889.0,112,2,203.87,101.935,0.0,21.834600000000005
17890.0,222,2,602.09,301.045,0.0,36.623599999999996
17891.0,62,1,203.85999999999999,203.85999999999999,0.0,116.76310000000001
17892.0,55,1,142.1,142.1,102.0,212.4274
17893.0,125,1,112.25,112.25,0.0,3.3680000000000003
17894.0,185,6,867.85,144.64166666666668,251.96,473.4338999999995
17897.0,72,3,566.6,188.86666666666667,0.0,45.915299999999995
17898.0,107,1,99.84,99.84,52.22,41.29689999999996
17899.0,59,1,155.8,155.8,0.0,222.62180000000004
17900.0,90,2,112.19999999999999,56.099999999999994,0.0,15.315100000000003
17905.0,56,3,618.99,206.33,181.25,191.90970000000002
17906.0,147,1,72.9,72.9,0.0,74.66679999999998
17908.0,273,1,243.28,243.28,0.0,26.722799999999996
17912.0,210,5,311.01,62.202,0.0,116.76920000000001
17913.0,255,1,218.05,218.05,193.54999999999998,184.55229999999978
17917.0,156,2,230.46,115.23,110.82,273.37760000000026
17920.0,5,9,2406.82,267.4244444444445,1797.28,1604.9599999999991
17921.0,48,3,601.76,200.58666666666667,224.76,214.06869999999984
17923.0,182,1,207.50000000000003,207.50000000000003,0.0,26.303199999999997
17924.0,201,2,502.20000000000005,251.10000000000002,2460.3,1760.807799999999
17925.0,272,1,244.08,244.08,0.0,42.539100000000005
17926.0,33,2,397.29,198.645,0.0,77.52219999999998
17928.0,146,1,78.25999999999999,78.25999999999999,134.28,104.95070000000004
17929.0,12,3,707.0,235.66666666666666,136.0,167.5473
17930.0,62,2,694.14,347.07,1046.34,845.9836999999985
17931.0,34,2,408.36,204.18,0.0,51.0914
17932.0,73,2,934.51,467.255,397.06,480.8354000000001
17935.0,38,2,145.79,72.895,0.0,4.503800000000001
17937.0,14,5,3614.52,722.904,686.7,885.3327999999991
17939.0,59,1,99.14,99.14,0.0,13.182500000000003
17940.0,8,9,3914.44,434.9377777777778,192.0,1334.6321000000005
17941.0,30,1,304.56,304.56,0.0,106.7564
17946.0,133,2,149.57999999999998,74.78999999999999,0.0,4.0284
17948.0,47,1,358.56000000000006,358.56000000000006,0.0,178.6985
17949.0,0,29,45325.6,1562.951724137931,13184.88,14987.515199999974
17950.0,265,2,263.17,131.585,219.03,176.11090000000016
17951.0,258,2,409.50000000000006,204.75000000000003,599.0400000000001,458.32610000000045
17954.0,23,10,1890.21,189.02100000000002,442.51,942.7840999999992
17955.0,98,4,557.3,139.325,0.0,339.7908000000001
17956.0,149,1,12.75,12.75,0.0,9.848
17958.0,16,1,508.4599999999999,508.4599999999999,0.0,274.61400000000015
17960.0,71,1,73.78,73.78,0.0,39.563399999999994
17961.0,23,31,1179.62,38.052258064516124,116.82,535.7836
17962.0,42,1,102.83,102.83,0.0,77.55800000000002
17964.0,272,1,261.76,261.76,209.94,220.92039999999986
17965.0,34,10,1893.98,189.398,728.59,888.5797999999986
17966.0,51,4,594.43,148.6075,504.0,404.8747
17967.0,271,1,123.07,123.07,0.0,112.97100000000002
17968.0,273,1,277.35,277.35,0.0,154.9324
17969.0,66,2,228.2,114.1,0.0,217.71469999999994
17970.0,111,1,582.59,582.59,0.0,406.15950000000004
17972.0,141,1,136.04,136.04,0.0,5.055
17974.0,119,1,172.77,172.77,568.02,389.3894999999998
17975.0,14,11,3956.0,359.6363636363636,532.81,1250.8791999999992
17976.0,272,1,353.19,353.19,0.0,59.1684
17978.0,265,1,300.91999999999996,300.91999999999996,0.0,190.75639999999993
17979.0,68,3,504.54,168.18,253.17,234.44599999999977
17980.0,65,3,811.45,270.48333333333335,0.0,120.65680000000002
17984.0,45,1,152.68,152.68,0.0,348.86579999999987
17987.0,85,1,198.57,198.57,0.0,54.63180000000001
17988.0,17,5,146.0,29.2,55.12,79.92739999999992
17990.0,136,3,630.84,210.28,0.0,97.36929999999998
17991.0,125,2,93.35,46.675,0.0,38.135799999999996
17994.0,21,4,678.49,169.6225,0.0,502.2838999999996
17995.0,181,1,76.1,76.1,0.0,42.79050000000001
17997.0,33,4,1276.72,319.18,693.95,640.8152999999993
17999.0,266,1,190.34,190.34,191.72,178.9942999999999
18004.0,262,1,169.47,169.47,0.0,40.1184
18008.0,103,7,2065.41,295.0585714285714,50.78,401.77449999999936
18009.0,135,1,257.34,257.34,0.0,97.57709999999997
18010.0,156,1,174.8,174.8,0.0,39.938199999999995
18011.0,273,1,102.78999999999999,102.78999999999999,0.0,48.897
18013.0,55,2,187.29,93.645,0.0,30.153099999999995
18016.0,86,3,488.76,162.92,994.8,786.265000000001
18017.0,69,2,344.0,172.0,179.0,138.96230000000003
18018.0,8,2,122.14,61.07,0.0,32.3065
18024.0,52,2,389.78,194.89,0.0,46.113
18032.0,234,1,73.5,73.5,0.0,8.847900000000001
18036.0,5,2,254.54,127.27,151.07999999999998,224.61780000000033
18037.0,54,6,70.02,11.67,0.0,768.6763000000001
18040.0,145,1,239.0,239.0,118.2,142.98260000000016
18041.0,3,16,3084.13,192.758125,1099.26,1292.7936999999984
18043.0,106,2,451.81,225.905,107.7,229.9374000000003
18044.0,66,7,1105.53,157.93285714285713,983.07,818.3146000000011
18048.0,103,2,172.29000000000002,86.14500000000001,0.0,17.7322
18050.0,259,1,74.4,74.4,0.0,20.131800000000002
18055.0,28,7,3672.86,524.6942857142857,3111.33,2525.107099999997
18056.0,188,1,363.65,363.65,0.0,211.7754999999999
18061.0,7,8,1793.51,224.18875,325.9,467.0529000000008
18062.0,73,3,720.52,240.17333333333332,0.0,231.0775000000001
18064.0,33,2,814.0,407.0,0.0,174.81990000000005
18065.0,83,8,1412.15,176.51875,980.6800000000001,872.2648999999989
18068.0,189,1,101.69999999999999,101.69999999999999,0.0,5.973600000000001
18069.0,80,3,993.87,331.29,1042.8,1059.1676000000011
18071.0,157,2,453.0,226.5,0.0,50.5967
18072.0,85,1,247.44,247.44,0.0,38.6238
18073.0,14,12,3877.5200000000004,323.1266666666667,0.0,2356.6820999999995
18074.0,273,1,489.6,489.6,0.0,638.4268000000001
18075.0,6,8,1957.75,244.71875,654.0,744.1289000000003
18077.0,3,7,1670.94,238.7057142857143,962.0699999999999,884.6048000000014
18078.0,117,2,336.13,168.065,0.0,368.5872000000001
18079.0,26,2,2206.18,1103.09,1445.79,1236.3545999999983
18080.0,142,1,841.4999999999999,841.4999999999999,390.0,370.9881
18081.0,12,2,208.05,104.025,135.4,144.06139999999982
18085.0,230,2,689.95,344.975,0.0,81.3456
18086.0,174,1,101.34,101.34,0.0,24.674400000000006
18087.0,190,1,3202.9199999999996,3202.9199999999996,852.8,667.1305
18092.0,19,8,5851.48,731.435,3216.7799999999997,2658.3209
18093.0,20,3,2016.88,672.2933333333334,89.64,502.39299999999946
18094.0,36,5,2402.3,480.46000000000004,615.0,846.9504999999997
18095.0,212,2,580.0500000000001,290.02500000000003,0.0,79.13450000000003
18097.0,26,5,2011.4,402.28000000000003,686.4,717.7335000000004
18099.0,27,1,168.31,168.31,0.0,37.0312
18101.0,43,1,110.23,110.23,113.42,188.83379999999994
18102.0,26,26,130537.23,5020.662692307692,129120.07,55797.63280000006
18106.0,229,1,430.7,430.7,0.0,225.65820000000008
18108.0,154,1,271.0,271.0,0.0,17.755
18109.0,10,17,4457.27,262.1923529411765,3595.7,3268.2333000000035
18112.0,66,1,196.64,196.64,156.05,126.25659999999989
18113.0,268,1,76.32000000000001,76.32000000000001,0.0,3.8438
18114.0,190,1,220.1,220.1,0.0,56.467000000000006
18116.0,134,7,1254.47,179.21,163.56,401.81550000000016
18118.0,47,18,4080.26,226.68111111111114,1573.56,1872.5895999999987
18119.0,267,1,181.12,181.12,0.0,92.68269999999998
18120.0,114,1,111.15,111.15,0.0,14.8464
18121.0,49,2,673.1,336.55,0.0,147.78360000000004
18122.0,50,1,119.19,119.19,1707.02,1246.752400000001
18125.0,101,3,945.14,315.0466666666667,197.85,565.7578999999995
18127.0,33,1,139.6,139.6,209.13,277.05020000000013
18129.0,143,1,112.55000000000001,112.55000000000001,0.0,12.180400000000002
18133.0,112,1,931.4999999999999,931.4999999999999,0.0,163.19279999999998
18135.0,90,1,109.82000000000001,109.82000000000001,572.09,84.4226
18136.0,111,2,600.85,300.425,183.48000000000002,270.7041999999999
18138.0,195,1,152.65,152.65,0.0,100.74630000000003
18142.0,57,2,1019.52,509.76,0.0,288.9858
18143.0,16,2,1000.16,500.08,0.0,761.9836999999987
18144.0,9,9,2165.55,240.61666666666667,723.2,972.1059999999989
18145.0,104,2,1023.78,511.89,1837.77,1322.210900000001
18146.0,40,2,160.35000000000002,80.17500000000001,0.0,1.9439999999999997
18147.0,8,1,98.88,98.88,80.46,71.86970000000002
18149.0,115,2,549.68,274.84,62.400000000000006,168.14289999999997
18150.0,40,2,413.28,206.64,153.3,205.65129999999982
18151.0,34,2,653.35,326.675,0.0,357.47560000000004
18155.0,70,2,266.56,133.28,105.06,247.7857
18156.0,269,1,206.23000000000002,206.23000000000002,528.71,389.6387999999996
18159.0,201,1,530.15,530.15,0.0,97.3882
18160.0,100,1,318.55,318.55,319.51,306.42299999999966
18161.0,40,3,771.26,257.08666666666664,847.4300000000001,336.6613000000002
18165.0,77,1,302.46000000000004,302.46000000000004,0.0,131.45889999999997
18167.0,5,1,498.48,498.48,886.3800000000001,722.4680999999994
18168.0,76,6,1169.94,194.99,0.0,1163.1077999999998
18170.0,12,2,655.51,327.755,324.8,483.36020000000053
18171.0,62,3,684.4200000000001,228.14000000000001,546.89,490.91139999999973
18172.0,27,10,5329.32,532.932,2232.36,2277.503299999997
18173.0,99,3,1728.8400000000001,576.2800000000001,378.0,1082.2524999999998
18176.0,258,1,476.35,476.35,0.0,122.01750000000004
18177.0,57,5,1037.82,207.564,303.6,382.63639999999947
18178.0,28,4,1590.81,397.7025,0.0,431.0147
18179.0,152,4,1103.16,275.79,690.01,669.3908000000005
18180.0,36,2,601.85,300.925,1241.9,87.11660000000003
18183.0,127,2,632.07,316.035,0.0,346.2570000000001
18185.0,149,1,304.25,304.25,0.0,130.8935
18188.0,190,1,426.6,426.6,1574.44,1049.952400000001
18189.0,167,1,633.1,633.1,457.14,490.5900999999998
18190.0,92,2,284.46000000000004,142.23000000000002,0.0,68.11380000000003
18191.0,161,1,207.79999999999998,207.79999999999998,0.0,115.4762
18193.0,65,1,243.76,243.76,0.0,232.73989999999998
18196.0,190,1,450.78,450.78,238.35,336.4321999999995
18198.0,0,14,4427.39,316.2421428571429,998.1700000000001,1664.7632000000003
18200.0,6,1,163.8,163.8,0.0,119.22359999999998
18202.0,99,3,1396.99,465.66333333333336,0.0,221.0215
18203.0,57,1,160.42000000000002,160.42000000000002,0.0,176.9133
18204.0,9,2,1367.32,683.66,626.38,681.6120999999995
18210.0,167,1,142.4,142.4,2478.98,1718.185400000001
18211.0,36,2,268.7,134.35,331.37,288.3649999999999
18212.0,226,1,248.42,248.42,0.0,43.027800000000006
18213.0,136,1,232.48000000000002,232.48000000000002,0.0,126.24499999999998
18218.0,111,2,662.08,331.04,0.0,369.19360000000006
18219.0,49,8,1367.13,170.89125,702.64,818.5598999999996
18220.0,126,1,305.28000000000003,305.28000000000003,0.0,40.219199999999994
18221.0,15,3,706.86,235.62,334.75,261.64689999999996
18223.0,43,10,3604.61,360.461,2879.9300000000003,2447.768399999997
18224.0,163,1,158.95000000000002,158.95000000000002,0.0,145.75740000000005
18225.0,13,7,2730.78,390.1114285714286,2778.34,2216.9041999999977
18226.0,20,9,4251.03,472.33666666666664,977.02,1909.6207000000004
18227.0,117,1,93.75,93.75,0.0,4.9315999999999995
18229.0,10,13,4864.06,374.15846153846155,2412.84,2319.4059999999995
18230.0,73,4,1643.2800000000002,410.82000000000005,1166.92,926.6436999999991
18231.0,92,5,2083.27,416.654,0.0,287.6373
18232.0,57,3,500.62,166.87333333333333,92.35000000000001,118.82370000000016
18233.0,225,1,440.0,440.0,0.0,75.76610000000002
18235.0,20,2,749.8,374.9,1046.68,862.8266999999989
18236.0,29,4,641.19,160.2975,241.05,463.99690000000055
18237.0,19,2,566.59,283.295,420.51,402.3308999999998
18239.0,118,5,1561.6100000000001,312.322,0.0,397.5394000000001
18241.0,6,10,1205.78,120.578,867.3100000000001,1027.9204999999993
18242.0,96,2,694.08,347.04,1538.41,647.8022999999997
18245.0,49,6,1672.81,278.8016666666667,894.25,922.2266999999999
18246.0,133,1,232.9,232.9,363.2,301.46040000000033
18248.0,22,2,804.02,402.01,0.0,836.9494999999997
18250.0,210,1,349.27,349.27,0.0,0.0
18252.0,71,1,69.89999999999999,69.89999999999999,456.77,309.6073000000002
18257.0,14,5,1562.8700000000001,312.574,774.76,712.0510999999999
18259.0,266,1,376.30000000000007,376.30000000000007,1962.3000000000002,1490.0170000000005
18260.0,72,6,2643.2000000000003,440.53333333333336,0.0,1479.9680999999991
18262.0,40,1,149.48,149.48,0.0,117.85790000000001
18263.0,55,2,811.4,405.7,401.76,419.4615
18265.0,58,1,488.55,488.55,312.96,404.13069999999954
18268.0,34,1,25.5,25.5,0.0,80.20649999999999
18269.0,266,1,168.6,168.6,0.0,67.1503
18270.0,166,1,111.95,111.95,171.20000000000002,51.30529999999998
18272.0,13,4,2106.45,526.6125,972.13,882.2289000000005
18273.0,157,1,51.0,51.0,153.0,12.357000000000001
18280.0,177,1,180.60000000000002,180.60000000000002,0.0,27.840700000000002
18281.0,80,1,80.82,80.82,0.0,38.47619999999999
18282.0,26,1,100.21000000000001,100.21000000000001,77.84,69.97270000000005
18283.0,48,9,985.77,109.53,1109.11,804.1215000000004
18287.0,101,1,765.28,765.28,1072.0,909.8883999999998
